Workbook

Sheet History of changes
E1: ESTIMATION | J1: No: BM-2-901-06
J2: Version: 2.2
J3: Issue Date: 23/12/2024
A4: SUN ASTERISK VIETNAM CO., LTD | J4: ISO/IEC 27001:2013&ISO 9001:2015
A6: HISTORY OF CHANGES
A7: No | B7: Change Item | E7: Description of changes | J7: Change Date
A8: 1 | E8: Update format | J8: 44320
A9: 2 | B9: Sheet Summary | E9: Update Summary sheet mục Assumptions | J9: 11//26/2024
A10: 3 | B10: Sheet Summary | E10: Thay đổi Project Role theo thay đổi cơ cấu mới của tổ chức - PSM -> Project Leader | J10: 23/12/2024

Sheet Summary
C1: ESTIMATION | E1: No: BM-2-901-06
E2: Version: 2.1
E3: Issue Date: 05/04/2021
A4: SUN ASTERISK VIETNAM CO., LTD | E4: ISO/IEC 27001:2013&ISO 9001:2015
B6: WBS Estimate for : (project/customer name....)
B8: I. Estimation
B10: Total Estimated Effort (hours) | C10: Total Esstimated Effort (Man-day) | D10: Total Esstimated Effort (Man-month)
B11: ='WBS Estimation'!B7 -> 357.2 | C11: =ROUNDUP(B11/8,2) -> 44.65 | D11: =ROUNDUP(C11/20,2) -> 2.24
B14: II. Scope & Assumptions
B16: 1. In Scope
B17: The scope for estimate does include the following items:
B18: # | C18: Item | D18: Description | E18: Note
B19: 1 | C19: - Develop new system
B20: 2 | C20: - Migrate data from old system
B21: 3 | C21: - User Manual
B24: 2. Out of Scope
B25: The estimation does not include the following items:
B26: # | C26: Item | D26: Description | E26: Note
B27: 1 | C27: - Setup system os on servers
B28: 2 | C28: - Onsite trainning for user
B32: 3. Assumptions
B33: 3-1. Overall Assumptions | K33: → Japanese Translation 日本語訳（自動翻訳）
B34: # | C34: Item | E34: Applicable degree | F34: Assumptions | H34: Reason for not applicable | K34: # | L34: =IFERROR(__xludf.DUMMYFUNCTION("GOOGLETRANSLATE(C34,""en"",""ja"")"),"アイテム") -> アイテム | N34: =IFERROR(__xludf.DUMMYFUNCTION("GOOGLETRANSLATE(E34,""en"",""ja"")"),"該当する学位") -> 該当する学位 | O34: =IFERROR(__xludf.DUMMYFUNCTION("GOOGLETRANSLATE(F34,""en"",""ja"")"),"前提条件") -> 前提条件 | Q34: =IFERROR(__xludf.DUMMYFUNCTION("GOOGLETRANSLATE(H34,""en"",""ja"")"),"該当しない理由") -> 該当しない理由
B35: 1 | C35: Accuracy of this estimation | E35: Super Rough | K35: 1 | L35: 見積もりの精度 | N35: Super Rough
B36: 2 | C36: Roles and expected outputs of each role (What tasks will each role be responsible for, and what will they output?) Ref: Responsibility of each role: [JP] Onboarding for JPPM | D36: PL | E36: TRUE | K36: 2 | L36: =IFERROR(__xludf.DUMMYFUNCTION("GOOGLETRANSLATE(C36,""en"",""ja"")"),"各役割の役割と期待される成果物 （各役割はどのようなタスクを担当し、どのような成果物を出すのか？） 参照：各役割の責任：[JP] JPPMオンボーディング") -> 各役割の役割と期待される成果物 （各役割はどのようなタスクを担当し、どのような成果物を出すのか？） 参照：各役割の責任：[JP] JPPMオンボーディング | M36: PL | N36: FALSE
D37: BrSE | E37: TRUE | M37: BrSE | N37: FALSE
D38: Communicator | E38: TRUE | M38: Communicator | N38: FALSE
B39: 3 | C39: Roles and expected output from JP members (What are you expecting to get from JP side?) | E39: TRUE | K39: 3 | L39: =IFERROR(__xludf.DUMMYFUNCTION("GOOGLETRANSLATE(C39,""en"",""ja"")"),"日本人メンバーの役割と期待される成果 （日本人メンバーにはどのような成果を期待していますか？）") -> 日本人メンバーの役割と期待される成果 （日本人メンバーにはどのような成果を期待していますか？） | N39: FALSE
B40: 4 | C40: Schedule and expected inputs and outputs at each milestone (When and what will be output during the project period? When are dependent inputs expected to be completed/received?) Example: timeline for receiving existing database structure from customer and timeline for starting development | E40: Must have | K40: 4 | L40: =IFERROR(__xludf.DUMMYFUNCTION("GOOGLETRANSLATE(C40,""en"",""ja"")"),"各マイルストーンにおけるスケジュールと想定されるインプットおよびアウトプット （プロジェクト期間中にいつ、どのようなアウトプットが得られるのか？依存するインプットはいつ完了／受領される予定か？）例：顧客から既存のデータベース構造を受け取るまでのタイムラインと、開発を開始するまでのタイムライン") -> 各マイルストーンにおけるスケジュールと想定されるインプットおよびアウトプット （プロジェクト期間中にいつ、どのようなアウトプットが得られるのか？依存するインプットはいつ完了／受領される予定か？）例：顧客から既存のデータベース構造を受け取るまでのタイムラインと、開発を開始するまでのタイムライン | N40: Must have
B41: 5 | C41: Number of screens | E41: Must have | K41: 5 | L41: =IFERROR(__xludf.DUMMYFUNCTION("GOOGLETRANSLATE(C41,""en"",""ja"")"),"画面数") -> 画面数 | N41: Must have
B42: 6 | C42: Number of APIs per screen | E42: TRUE | K42: 6 | L42: =IFERROR(__xludf.DUMMYFUNCTION("GOOGLETRANSLATE(C42,""en"",""ja"")"),"画面あたりのAPI数") -> 画面あたりのAPI数 | N42: FALSE
B43: 7 | C43: Interfaces | E43: TRUE | K43: 7 | L43: =IFERROR(__xludf.DUMMYFUNCTION("GOOGLETRANSLATE(C43,""en"",""ja"")"),"インターフェース") -> インターフェース | N43: FALSE
B44: 8 | C44: Forms ("Cho-hyo" in Japanese) | E44: TRUE | K44: 8 | L44: =IFERROR(__xludf.DUMMYFUNCTION("GOOGLETRANSLATE(C44,""en"",""ja"")"),"形態（日本語では「チョヒョ」）") -> 形態（日本語では「チョヒョ」） | N44: FALSE
B45: 9 | C45: System scale (How do you envision the number of users and infrastructure configuration? *If specified by the customer, attach a link to the customer request.) | E45: TRUE | K45: 9 | L45: =IFERROR(__xludf.DUMMYFUNCTION("GOOGLETRANSLATE(C45,""en"",""ja"")"),"システム規模 （ユーザー数とインフラ構成について、どのような想定をお持ちですか？※お客様から指定がある場合は、お客様からのご要望へのリンクを添付してください。）") -> システム規模 （ユーザー数とインフラ構成について、どのような想定をお持ちですか？※お客様から指定がある場合は、お客様からのご要望へのリンクを添付してください。） | N45: FALSE
B46: 10 | C46: Non-functional requirements (What do you envision for SLA and security requirements? *If specified by the customer, attach a link to the customer request.) | E46: TRUE | K46: 10 | L46: =IFERROR(__xludf.DUMMYFUNCTION("GOOGLETRANSLATE(C46,""en"",""ja"")"),"非機能要件 （SLAおよびセキュリティ要件について、どのような構想をお持ちですか？※お客様から指定がある場合は、お客様からのリクエストへのリンクを添付してください。）") -> 非機能要件 （SLAおよびセキュリティ要件について、どのような構想をお持ちですか？※お客様から指定がある場合は、お客様からのリクエストへのリンクを添付してください。） | N46: FALSE
B47: 11 | C47: Buffer rate (%) and its breakdown (Buffer for risk, such as change request, bugs and issue solving, technical difficulty only) | E47: Must have | K47: 11 | L47: =IFERROR(__xludf.DUMMYFUNCTION("GOOGLETRANSLATE(C47,""en"",""ja"")"),"バッファ率（％）とその内訳 （変更要求、バグや問題の解決、技術的な困難など、リスクに対するバッファのみ）") -> バッファ率（％）とその内訳 （変更要求、バグや問題の解決、技術的な困難など、リスクに対するバッファのみ） | N47: Must have
B49: 3-2. Detail Assumptions per each role | K49: → Japanese Translation 日本語訳（自動翻訳）
B50: Role | C50: Item | E50: Applicable degree | F50: Assumptions | H50: Reason for not applicable | K50: =IFERROR(__xludf.DUMMYFUNCTION("GOOGLETRANSLATE(B50,""en"",""ja"")"),"役割") -> 役割 | L50: =IFERROR(__xludf.DUMMYFUNCTION("GOOGLETRANSLATE(C50,""en"",""ja"")"),"アイテム") -> アイテム | N50: =IFERROR(__xludf.DUMMYFUNCTION("GOOGLETRANSLATE(E50,""en"",""ja"")"),"該当する学位") -> 該当する学位 | O50: =IFERROR(__xludf.DUMMYFUNCTION("GOOGLETRANSLATE(F50,""en"",""ja"")"),"前提条件") -> 前提条件 | Q50: =IFERROR(__xludf.DUMMYFUNCTION("GOOGLETRANSLATE(H50,""en"",""ja"")"),"該当しない理由") -> 該当しない理由
B51: Backend | C51: Develop new system or Develop in existing System? | E51: Must have | K51: Backend | L51: =IFERROR(__xludf.DUMMYFUNCTION("GOOGLETRANSLATE(C51,""en"",""ja"")"),"新規システムを開発するか、既存システム内で開発するか？") -> 新規システムを開発するか、既存システム内で開発するか？ | N51: Must have
C52: Architecture (microservices, monolithic, multitenant) | E52: TRUE | L52: =IFERROR(__xludf.DUMMYFUNCTION("GOOGLETRANSLATE(C52,""en"",""ja"")"),"アーキテクチャ（マイクロサービス、モノリシック、マルチテナント）") -> アーキテクチャ（マイクロサービス、モノリシック、マルチテナント） | N52: FALSE | O52: =IFERROR(__xludf.DUMMYFUNCTION("iferror(GOOGLETRANSLATE(F52,""en"",""ja""),"""")"),"")
C53: Scope of work | D53: Unit Test | E53: TRUE | L53: =IFERROR(__xludf.DUMMYFUNCTION("GOOGLETRANSLATE(C53,""en"",""ja"")"),"作業範囲") -> 作業範囲 | M53: =IFERROR(__xludf.DUMMYFUNCTION("GOOGLETRANSLATE(D53,""en"",""ja"")"),"単体テスト") -> 単体テスト | N53: FALSE | O53: =IFERROR(__xludf.DUMMYFUNCTION("iferror(GOOGLETRANSLATE(F53,""en"",""ja""),"""")"),"")
D54: Provide system Design | E54: TRUE | M54: =IFERROR(__xludf.DUMMYFUNCTION("GOOGLETRANSLATE(D54,""en"",""ja"")"),"システム設計を提供する") -> システム設計を提供する | N54: FALSE | O54: =IFERROR(__xludf.DUMMYFUNCTION("iferror(GOOGLETRANSLATE(F54,""en"",""ja""),"""")"),"")
D55: Provide API Design | E55: TRUE | M55: =IFERROR(__xludf.DUMMYFUNCTION("GOOGLETRANSLATE(D55,""en"",""ja"")"),"API設計を提供する") -> API設計を提供する | N55: FALSE | O55: =IFERROR(__xludf.DUMMYFUNCTION("iferror(GOOGLETRANSLATE(F55,""en"",""ja""),"""")"),"")
D56: Provide DB Design | E56: TRUE | M56: =IFERROR(__xludf.DUMMYFUNCTION("GOOGLETRANSLATE(D56,""en"",""ja"")"),"データベース設計を提供する") -> データベース設計を提供する | N56: FALSE | O56: =IFERROR(__xludf.DUMMYFUNCTION("iferror(GOOGLETRANSLATE(F56,""en"",""ja""),"""")"),"")
D57: Integrate CI/CD | E57: TRUE | M57: =IFERROR(__xludf.DUMMYFUNCTION("GOOGLETRANSLATE(D57,""en"",""ja"")"),"CI/CDを統合する") -> CI/CDを統合する | N57: FALSE | O57: =IFERROR(__xludf.DUMMYFUNCTION("iferror(GOOGLETRANSLATE(F57,""en"",""ja""),"""")"),"")
D58: Intergrate third parties services | E58: TRUE | M58: =IFERROR(__xludf.DUMMYFUNCTION("GOOGLETRANSLATE(D58,""en"",""ja"")"),"サードパーティサービスを統合する") -> サードパーティサービスを統合する | N58: FALSE | O58: =IFERROR(__xludf.DUMMYFUNCTION("iferror(GOOGLETRANSLATE(F58,""en"",""ja""),"""")"),"")
D59: Develop payment related functions | E59: TRUE | M59: =IFERROR(__xludf.DUMMYFUNCTION("GOOGLETRANSLATE(D59,""en"",""ja"")"),"支払い関連機能の開発") -> 支払い関連機能の開発 | N59: FALSE | O59: =IFERROR(__xludf.DUMMYFUNCTION("iferror(GOOGLETRANSLATE(F59,""en"",""ja""),"""")"),"")
D60: Migrate data from old system | E60: TRUE | M60: =IFERROR(__xludf.DUMMYFUNCTION("GOOGLETRANSLATE(D60,""en"",""ja"")"),"古いシステムからデータを移行する") -> 古いシステムからデータを移行する | N60: FALSE | O60: =IFERROR(__xludf.DUMMYFUNCTION("iferror(GOOGLETRANSLATE(F60,""en"",""ja""),"""")"),"")
D61: Production Deployment | E61: TRUE | M61: =IFERROR(__xludf.DUMMYFUNCTION("GOOGLETRANSLATE(D61,""en"",""ja"")"),"本番環境への展開") -> 本番環境への展開 | N61: FALSE | O61: =IFERROR(__xludf.DUMMYFUNCTION("iferror(GOOGLETRANSLATE(F61,""en"",""ja""),"""")"),"")
C62: Other assumed risks and assumptions | E62: Must have | L62: =IFERROR(__xludf.DUMMYFUNCTION("GOOGLETRANSLATE(C62,""en"",""ja"")"),"その他の想定リスクおよび前提条件") -> その他の想定リスクおよび前提条件 | N62: Must have | O62: =IFERROR(__xludf.DUMMYFUNCTION("iferror(GOOGLETRANSLATE(F62,""en"",""ja""),"""")"),"")
C63: Buffer rate (%) | E63: Must have | L63: =IFERROR(__xludf.DUMMYFUNCTION("GOOGLETRANSLATE(C63,""en"",""ja"")"),"バッファ率（％）") -> バッファ率（％） | N63: Must have | O63: =IFERROR(__xludf.DUMMYFUNCTION("iferror(GOOGLETRANSLATE(F63,""en"",""ja""),"""")"),"")
B64: Frontend | C64: Develop new system or Develop in existing System? | E64: Must have | K64: Frontend | L64: =IFERROR(__xludf.DUMMYFUNCTION("GOOGLETRANSLATE(C64,""en"",""ja"")"),"新規システムを開発するか、既存システム内で開発するか？") -> 新規システムを開発するか、既存システム内で開発するか？ | N64: Must have | O64: =IFERROR(__xludf.DUMMYFUNCTION("iferror(GOOGLETRANSLATE(F64,""en"",""ja""),"""")"),"")
C65: Architectural assumptions - Frameworks and libraries used - Whether SSR or CSR is applied | E65: TRUE | L65: =IFERROR(__xludf.DUMMYFUNCTION("GOOGLETRANSLATE(C65,""en"",""ja"")"),"アーキテクチャ上の前提条件 - 使用するフレームワークとライブラリ - SSRまたはCSRの適用の有無") -> アーキテクチャ上の前提条件 - 使用するフレームワークとライブラリ - SSRまたはCSRの適用の有無 | N65: FALSE | O65: =IFERROR(__xludf.DUMMYFUNCTION("iferror(GOOGLETRANSLATE(F65,""en"",""ja""),"""")"),"")
C66: Browser and versions (Chrome, Safari, IE etc) | E66: TRUE | L66: =IFERROR(__xludf.DUMMYFUNCTION("GOOGLETRANSLATE(C66,""en"",""ja"")"),"ブラウザとバージョン（Chrome、Safari、IEなど）") -> ブラウザとバージョン（Chrome、Safari、IEなど） | N66: FALSE | O66: =IFERROR(__xludf.DUMMYFUNCTION("iferror(GOOGLETRANSLATE(F66,""en"",""ja""),"""")"),"")
C67: Scope of work | D67: Responsive design | E67: TRUE | L67: =IFERROR(__xludf.DUMMYFUNCTION("GOOGLETRANSLATE(C67,""en"",""ja"")"),"作業範囲") -> 作業範囲 | M67: =IFERROR(__xludf.DUMMYFUNCTION("GOOGLETRANSLATE(D67,""en"",""ja"")"),"レスポンシブデザイン") -> レスポンシブデザイン | N67: FALSE | O67: =IFERROR(__xludf.DUMMYFUNCTION("iferror(GOOGLETRANSLATE(F67,""en"",""ja""),"""")"),"")
D68: State management | E68: TRUE | M68: =IFERROR(__xludf.DUMMYFUNCTION("GOOGLETRANSLATE(D68,""en"",""ja"")"),"国家管理") -> 国家管理 | N68: FALSE | O68: =IFERROR(__xludf.DUMMYFUNCTION("iferror(GOOGLETRANSLATE(F68,""en"",""ja""),"""")"),"")
D69: Automated testing | E69: TRUE | M69: =IFERROR(__xludf.DUMMYFUNCTION("GOOGLETRANSLATE(D69,""en"",""ja"")"),"自動テスト") -> 自動テスト | N69: FALSE | O69: =IFERROR(__xludf.DUMMYFUNCTION("iferror(GOOGLETRANSLATE(F69,""en"",""ja""),"""")"),"")
D70: Unit test | E70: TRUE | M70: =IFERROR(__xludf.DUMMYFUNCTION("GOOGLETRANSLATE(D70,""en"",""ja"")"),"単体テスト") -> 単体テスト | N70: FALSE | O70: =IFERROR(__xludf.DUMMYFUNCTION("iferror(GOOGLETRANSLATE(F70,""en"",""ja""),"""")"),"")
D71: SEO(Google Analytics, OGP tag, SSR) | E71: TRUE | M71: =IFERROR(__xludf.DUMMYFUNCTION("GOOGLETRANSLATE(D71,""en"",""ja"")"),"SEO（Google Analytics、OGPタグ、SSR）") -> SEO（Google Analytics、OGPタグ、SSR） | N71: FALSE | O71: =IFERROR(__xludf.DUMMYFUNCTION("iferror(GOOGLETRANSLATE(F71,""en"",""ja""),"""")"),"")
D72: Intergrate third parties services | E72: TRUE | M72: =IFERROR(__xludf.DUMMYFUNCTION("GOOGLETRANSLATE(D72,""en"",""ja"")"),"サードパーティサービスを統合する") -> サードパーティサービスを統合する | N72: FALSE | O72: =IFERROR(__xludf.DUMMYFUNCTION("iferror(GOOGLETRANSLATE(F72,""en"",""ja""),"""")"),"")
D73: Integrate CI/CD | E73: TRUE | M73: =IFERROR(__xludf.DUMMYFUNCTION("GOOGLETRANSLATE(D73,""en"",""ja"")"),"CI/CDを統合する") -> CI/CDを統合する | N73: FALSE | O73: =IFERROR(__xludf.DUMMYFUNCTION("iferror(GOOGLETRANSLATE(F73,""en"",""ja""),"""")"),"")
D74: Production Deployment | E74: TRUE | M74: =IFERROR(__xludf.DUMMYFUNCTION("GOOGLETRANSLATE(D74,""en"",""ja"")"),"本番環境への展開") -> 本番環境への展開 | N74: FALSE | O74: =IFERROR(__xludf.DUMMYFUNCTION("iferror(GOOGLETRANSLATE(F74,""en"",""ja""),"""")"),"")
C75: Other assumed risks and assumptions | E75: Must have | L75: =IFERROR(__xludf.DUMMYFUNCTION("GOOGLETRANSLATE(C75,""en"",""ja"")"),"その他の想定リスクおよび前提条件") -> その他の想定リスクおよび前提条件 | N75: Must have | O75: =IFERROR(__xludf.DUMMYFUNCTION("iferror(GOOGLETRANSLATE(F75,""en"",""ja""),"""")"),"")
C76: Buffer rate (%) | E76: Must have | L76: =IFERROR(__xludf.DUMMYFUNCTION("GOOGLETRANSLATE(C76,""en"",""ja"")"),"バッファ率（％）") -> バッファ率（％） | N76: Must have | O76: =IFERROR(__xludf.DUMMYFUNCTION("iferror(GOOGLETRANSLATE(F76,""en"",""ja""),"""")"),"")
B77: Mobile | C77: Develop new system or Develop in existing System? | E77: Must have | K77: Mobile | L77: =IFERROR(__xludf.DUMMYFUNCTION("GOOGLETRANSLATE(C77,""en"",""ja"")"),"新規システムを開発するか、既存システム内で開発するか？") -> 新規システムを開発するか、既存システム内で開発するか？ | N77: Must have | O77: =IFERROR(__xludf.DUMMYFUNCTION("iferror(GOOGLETRANSLATE(F77,""en"",""ja""),"""")"),"")
C78: OS and versions (iOS, Android) | E78: TRUE | L78: =IFERROR(__xludf.DUMMYFUNCTION("GOOGLETRANSLATE(C78,""en"",""ja"")"),"OSとバージョン（iOS、Android）") -> OSとバージョン（iOS、Android） | N78: FALSE | O78: =IFERROR(__xludf.DUMMYFUNCTION("iferror(GOOGLETRANSLATE(F78,""en"",""ja""),"""")"),"")
C79: Scope of work | D79: Unit test | E79: TRUE | L79: =IFERROR(__xludf.DUMMYFUNCTION("GOOGLETRANSLATE(C79,""en"",""ja"")"),"作業範囲") -> 作業範囲 | M79: =IFERROR(__xludf.DUMMYFUNCTION("GOOGLETRANSLATE(D79,""en"",""ja"")"),"単体テスト") -> 単体テスト | N79: FALSE | O79: =IFERROR(__xludf.DUMMYFUNCTION("iferror(GOOGLETRANSLATE(F79,""en"",""ja""),"""")"),"")
D80: Intergrate third parties services | E80: TRUE | M80: =IFERROR(__xludf.DUMMYFUNCTION("GOOGLETRANSLATE(D80,""en"",""ja"")"),"サードパーティサービスを統合する") -> サードパーティサービスを統合する | N80: FALSE | O80: =IFERROR(__xludf.DUMMYFUNCTION("iferror(GOOGLETRANSLATE(F80,""en"",""ja""),"""")"),"")
D81: Integrate CI/CD | E81: TRUE | M81: =IFERROR(__xludf.DUMMYFUNCTION("GOOGLETRANSLATE(D81,""en"",""ja"")"),"CI/CDを統合する") -> CI/CDを統合する | N81: FALSE | O81: =IFERROR(__xludf.DUMMYFUNCTION("iferror(GOOGLETRANSLATE(F81,""en"",""ja""),"""")"),"")
D82: Play store / App store publish | E82: TRUE | M82: =IFERROR(__xludf.DUMMYFUNCTION("GOOGLETRANSLATE(D82,""en"",""ja"")"),"Playストア/Appストアで公開") -> Playストア/Appストアで公開 | N82: FALSE | O82: =IFERROR(__xludf.DUMMYFUNCTION("iferror(GOOGLETRANSLATE(F82,""en"",""ja""),"""")"),"")
C83: Other assumed risks and assumptions | E83: Must have | L83: =IFERROR(__xludf.DUMMYFUNCTION("GOOGLETRANSLATE(C83,""en"",""ja"")"),"その他の想定リスクおよび前提条件") -> その他の想定リスクおよび前提条件 | N83: Must have | O83: =IFERROR(__xludf.DUMMYFUNCTION("iferror(GOOGLETRANSLATE(F83,""en"",""ja""),"""")"),"")
C84: Buffer rate (%) | E84: Must have | L84: =IFERROR(__xludf.DUMMYFUNCTION("GOOGLETRANSLATE(C84,""en"",""ja"")"),"バッファ率（％）") -> バッファ率（％） | N84: Must have | O84: =IFERROR(__xludf.DUMMYFUNCTION("iferror(GOOGLETRANSLATE(F84,""en"",""ja""),"""")"),"")
B85: QA | C85: Productivity | D85: Test case creation | E85: Must have | F85: [ ] case/1 man-day | K85: QA | L85: =IFERROR(__xludf.DUMMYFUNCTION("GOOGLETRANSLATE(C85,""en"",""ja"")"),"生産性") -> 生産性 | M85: =IFERROR(__xludf.DUMMYFUNCTION("GOOGLETRANSLATE(D85,""en"",""ja"")"),"テストケースの作成") -> テストケースの作成 | N85: Must have | O85: =IFERROR(__xludf.DUMMYFUNCTION("iferror(GOOGLETRANSLATE(F85,""en"",""ja""),"""")"),"[ ] 症例/1人日") -> [ ] 症例/1人日
D86: Test execution and bug identification | E86: Must have | F86: [ ] case/1 man-day | M86: =IFERROR(__xludf.DUMMYFUNCTION("GOOGLETRANSLATE(D86,""en"",""ja"")"),"テスト実行とバグの特定") -> テスト実行とバグの特定 | N86: Must have | O86: =IFERROR(__xludf.DUMMYFUNCTION("iferror(GOOGLETRANSLATE(F86,""en"",""ja""),"""")"),"[ ] 症例/1人日") -> [ ] 症例/1人日
D87: Final inspection effort in total man-hours | E87: Must have | F87: [ ] % | M87: =IFERROR(__xludf.DUMMYFUNCTION("GOOGLETRANSLATE(D87,""en"",""ja"")"),"最終検査にかかる総工数") -> 最終検査にかかる総工数 | N87: Must have | O87: =IFERROR(__xludf.DUMMYFUNCTION("iferror(GOOGLETRANSLATE(F87,""en"",""ja""),"""")"),"[ ] %") -> [ ] %
D88: Expected bug occurrence rate | E88: Must have | F88: [ ] % | M88: =IFERROR(__xludf.DUMMYFUNCTION("GOOGLETRANSLATE(D88,""en"",""ja"")"),"予想されるバグ発生率") -> 予想されるバグ発生率 | N88: Must have | O88: =IFERROR(__xludf.DUMMYFUNCTION("iferror(GOOGLETRANSLATE(F88,""en"",""ja""),"""")"),"[ ] %") -> [ ] %
C89: Testing scope | D89: Function test | E89: TRUE | L89: =IFERROR(__xludf.DUMMYFUNCTION("GOOGLETRANSLATE(C89,""en"",""ja"")"),"テスト範囲") -> テスト範囲 | M89: =IFERROR(__xludf.DUMMYFUNCTION("GOOGLETRANSLATE(D89,""en"",""ja"")"),"機能テスト") -> 機能テスト | N89: FALSE | O89: =IFERROR(__xludf.DUMMYFUNCTION("iferror(GOOGLETRANSLATE(F89,""en"",""ja""),"""")"),"")
D90: Integration test | E90: TRUE | M90: =IFERROR(__xludf.DUMMYFUNCTION("GOOGLETRANSLATE(D90,""en"",""ja"")"),"統合テスト") -> 統合テスト | N90: FALSE | O90: =IFERROR(__xludf.DUMMYFUNCTION("iferror(GOOGLETRANSLATE(F90,""en"",""ja""),"""")"),"")
D91: E2E test (Screen, API end point) | E91: TRUE | M91: =IFERROR(__xludf.DUMMYFUNCTION("GOOGLETRANSLATE(D91,""en"",""ja"")"),"エンドツーエンドテスト（画面、APIエンドポイント）") -> エンドツーエンドテスト（画面、APIエンドポイント） | N91: FALSE | O91: =IFERROR(__xludf.DUMMYFUNCTION("iferror(GOOGLETRANSLATE(F91,""en"",""ja""),"""")"),"")
D92: Regression test | E92: TRUE | M92: リグレッションテスト | N92: FALSE | O92: =IFERROR(__xludf.DUMMYFUNCTION("iferror(GOOGLETRANSLATE(F92,""en"",""ja""),"""")"),"")
D93: Other test | E93: TRUE | M93: =IFERROR(__xludf.DUMMYFUNCTION("GOOGLETRANSLATE(D93,""en"",""ja"")"),"その他のテスト") -> その他のテスト | N93: FALSE | O93: =IFERROR(__xludf.DUMMYFUNCTION("iferror(GOOGLETRANSLATE(F93,""en"",""ja""),"""")"),"")
D94: Environments to be tested and range of test cases covered for each environment | E94: Must have | M94: =IFERROR(__xludf.DUMMYFUNCTION("GOOGLETRANSLATE(D94,""en"",""ja"")"),"テスト対象環境と、各環境でカバーされるテストケースの範囲") -> テスト対象環境と、各環境でカバーされるテストケースの範囲 | N94: Must have | O94: =IFERROR(__xludf.DUMMYFUNCTION("iferror(GOOGLETRANSLATE(F94,""en"",""ja""),"""")"),"")
C95: Buffer rate (%) | E95: Must have | L95: =IFERROR(__xludf.DUMMYFUNCTION("GOOGLETRANSLATE(C95,""en"",""ja"")"),"バッファ率（％）") -> バッファ率（％） | N95: Must have
B96: AI | C96: Data flow in the AI scope | E96: TRUE | K96: AI | L96: AI スコープ内のデータ フロー | N96: FALSE
C97: Architecture in the AI ​​scope | E97: TRUE | L97: AIの範囲におけるアーキテクチャ | N97: FALSE
C98: AI models and AI services | E98: TRUE | L98: AIモデルとAIサービス | N98: FALSE
C99: Estimated cost of AI infrastructure (at the time of development and operation after release) | E99: TRUE | L99: AIインフラの概算費用（開発時、リリース後の運用時） | N99: FALSE
C100: Possibility of training (tuning) of AI models | E100: TRUE | L100: AIモデルのトレーニング（チューニング）が可能 | N100: FALSE
C101: Number of data required when training (tuning) an AI model | E101: TRUE | L101: AIモデルのトレーニング（チューニング）時に必要なデータ数 | N101: FALSE
C102: Prerequisites for implementing AI models and degree of difficulty in realizing them | E102: TRUE | L102: AIモデル導入の前提条件と実現難易度 | N102: FALSE
C103: Other assumed risks and assumptions (if not available, write “none”) | E103: Must have | L103: その他の想定されるリスクと仮定 (利用できない場合は「なし」と記入してください) | N103: Must have
C104: Buffer value (%) | E104: Must have | L104: バッファ値(%) | N104: Must have
B105: Infrastructure | C105: Building environment; Dev, Stag, UAT, Prod etc | E105: Must have | K105: Infrastructure | L105: =IFERROR(__xludf.DUMMYFUNCTION("GOOGLETRANSLATE(C105,""en"",""ja"")"),"構築環境；開発、ステージング、UAT、本番など") -> 構築環境；開発、ステージング、UAT、本番など | N105: Must have | O105: =IFERROR(__xludf.DUMMYFUNCTION("iferror(GOOGLETRANSLATE(F105,""en"",""ja""),"""")"),"")
C106: Cloud service selection and architecture | E106: TRUE | L106: =IFERROR(__xludf.DUMMYFUNCTION("GOOGLETRANSLATE(C106,""en"",""ja"")"),"クラウドサービスの選択とアーキテクチャ") -> クラウドサービスの選択とアーキテクチャ | N106: FALSE | O106: =IFERROR(__xludf.DUMMYFUNCTION("iferror(GOOGLETRANSLATE(F106,""en"",""ja""),"""")"),"")
C107: Selection and management of containers and virtual machines (VM) | E107: TRUE | L107: =IFERROR(__xludf.DUMMYFUNCTION("GOOGLETRANSLATE(C107,""en"",""ja"")"),"コンテナおよび仮想マシン（VM）の選択と管理") -> コンテナおよび仮想マシン（VM）の選択と管理 | N107: FALSE | O107: =IFERROR(__xludf.DUMMYFUNCTION("iferror(GOOGLETRANSLATE(F107,""en"",""ja""),"""")"),"")
C108: Database | E108: TRUE | L108: =IFERROR(__xludf.DUMMYFUNCTION("GOOGLETRANSLATE(C108,""en"",""ja"")"),"データベース") -> データベース | N108: FALSE | O108: =IFERROR(__xludf.DUMMYFUNCTION("iferror(GOOGLETRANSLATE(F108,""en"",""ja""),"""")"),"")
C109: Network design and security measures | E109: TRUE | L109: =IFERROR(__xludf.DUMMYFUNCTION("GOOGLETRANSLATE(C109,""en"",""ja"")"),"ネットワーク設計とセキュリティ対策") -> ネットワーク設計とセキュリティ対策 | N109: FALSE | O109: =IFERROR(__xludf.DUMMYFUNCTION("iferror(GOOGLETRANSLATE(F109,""en"",""ja""),"""")"),"")
C110: Caching (CDN, redis, In-memory caching system, etc.) | E110: TRUE | L110: =IFERROR(__xludf.DUMMYFUNCTION("GOOGLETRANSLATE(C110,""en"",""ja"")"),"キャッシング（CDN、Redis、インメモリキャッシングシステムなど）") -> キャッシング（CDN、Redis、インメモリキャッシングシステムなど） | N110: FALSE | O110: =IFERROR(__xludf.DUMMYFUNCTION("iferror(GOOGLETRANSLATE(F110,""en"",""ja""),"""")"),"")
C111: CI/CD | E111: TRUE | L111: =IFERROR(__xludf.DUMMYFUNCTION("GOOGLETRANSLATE(C111,""en"",""ja"")"),"CI/CD") -> CI/CD | N111: FALSE | O111: =IFERROR(__xludf.DUMMYFUNCTION("iferror(GOOGLETRANSLATE(F111,""en"",""ja""),"""")"),"")
C112: Monitoring and alerting | E112: TRUE | L112: =IFERROR(__xludf.DUMMYFUNCTION("GOOGLETRANSLATE(C112,""en"",""ja"")"),"監視と警告") -> 監視と警告 | N112: FALSE | O112: =IFERROR(__xludf.DUMMYFUNCTION("iferror(GOOGLETRANSLATE(F112,""en"",""ja""),"""")"),"")
...

Sheet WBS Estimation
B1: ESTIMATION | E1: No: BM-2-901-06
E2: Version: 2.1
E3: Issue Date: 05/04/2021
A4: SUN ASTERISK VIETNAM CO., LTD | E4: ISO/IEC 27001:2013&ISO 9001:2015
A6: Total Project Effort | B6: Man-hour(s) | C6: Man-day(s) | D6: Man-month(s)
B7: =SUM(J17:J32) -> 357.2 | C7: =ROUNDUP(B7/8,2) -> 44.65 | D7: =ROUNDUP(C7/20,2) -> 2.24
A9: Role | B9: Man-hour(s)
A10: PG | B10: =SUM(D17:D32)+SUM(E17:E32)+SUM(F17:F32) -> 267
A11: Infra | B11: =SUM(H17:H32) -> 22.7
A12: QA
A13: BrSE | B13: =SUM(G17:G32) -> 44.8
A14: PM | B14: =SUM(I17:I32) -> 22.7
A16: Feature | B16: Function | C16: Task Name | D16: Coding (hours) | E16: Unit test | F16: Fixbug (hours) | G16: Specs (hours) | H16: Infra (hours) | I16: Management (hours) | J16: Total (hours)
A17: Feature 1 | B17: Function 1.1 | C17: Task 1 | D17: 4 | E17: =ROUNDUP($D17*'Effort distribution'!$C$5/'Effort distribution'!$B$5,1) -> 2.7 | F17: =ROUNDUP($D17*'Effort distribution'!$D$5/'Effort distribution'!$B$5,1) -> 1.4 | G17: =ROUNDUP($D17*'Effort distribution'!$E$5/'Effort distribution'!$B$5,1) -> 1.4 | H17: =ROUNDUP($D17*'Effort distribution'!$F$5/'Effort distribution'!$B$5,1) -> 0.7 | I17: =ROUNDUP($D17*'Effort distribution'!$G$5/'Effort distribution'!$B$5,1) -> 0.7 | J17: =SUM(D17:I17) -> 10.9
A18: Feature 1 | B18: Function 1.1 | C18: Task 2 | D18: 4 | E18: =ROUNDUP($D18*'Effort distribution'!$C$5/'Effort distribution'!$B$5,1) -> 2.7 | F18: =ROUNDUP($D18*'Effort distribution'!$D$5/'Effort distribution'!$B$5,1) -> 1.4 | G18: =ROUNDUP($D18*'Effort distribution'!$E$5/'Effort distribution'!$B$5,1) -> 1.4 | H18: =ROUNDUP($D18*'Effort distribution'!$F$5/'Effort distribution'!$B$5,1) -> 0.7 | I18: =ROUNDUP($D18*'Effort distribution'!$G$5/'Effort distribution'!$B$5,1) -> 0.7 | J18: =SUM(D18:I18) -> 10.9
A19: Feature 1 | B19: Function 1.2 | C19: Task 1 | D19: 4 | E19: =ROUNDUP($D19*'Effort distribution'!$C$5/'Effort distribution'!$B$5,1) -> 2.7 | F19: =ROUNDUP($D19*'Effort distribution'!$D$5/'Effort distribution'!$B$5,1) -> 1.4 | G19: =ROUNDUP($D19*'Effort distribution'!$E$5/'Effort distribution'!$B$5,1) -> 1.4 | H19: =ROUNDUP($D19*'Effort distribution'!$F$5/'Effort distribution'!$B$5,1) -> 0.7 | I19: =ROUNDUP($D19*'Effort distribution'!$G$5/'Effort distribution'!$B$5,1) -> 0.7 | J19: =SUM(D19:I19) -> 10.9
A20: Feature 1 | B20: Function 1.2 | C20: Task 2 | D20: 4 | E20: =ROUNDUP($D20*'Effort distribution'!$C$5/'Effort distribution'!$B$5,1) -> 2.7 | F20: =ROUNDUP($D20*'Effort distribution'!$D$5/'Effort distribution'!$B$5,1) -> 1.4 | G20: =ROUNDUP($D20*'Effort distribution'!$E$5/'Effort distribution'!$B$5,1) -> 1.4 | H20: =ROUNDUP($D20*'Effort distribution'!$F$5/'Effort distribution'!$B$5,1) -> 0.7 | I20: =ROUNDUP($D20*'Effort distribution'!$G$5/'Effort distribution'!$B$5,1) -> 0.7 | J20: =SUM(D20:I20) -> 10.9
A21: Feature 2 | B21: Function 2.1 | C21: Task 1 | D21: 8 | E21: =ROUNDUP($D21*'Effort distribution'!$C$5/'Effort distribution'!$B$5,1) -> 5.4 | F21: =ROUNDUP($D21*'Effort distribution'!$D$5/'Effort distribution'!$B$5,1) -> 2.7 | G21: =ROUNDUP($D21*'Effort distribution'!$E$5/'Effort distribution'!$B$5,1) -> 2.7 | H21: =ROUNDUP($D21*'Effort distribution'!$F$5/'Effort distribution'!$B$5,1) -> 1.4 | I21: =ROUNDUP($D21*'Effort distribution'!$G$5/'Effort distribution'!$B$5,1) -> 1.4 | J21: =SUM(D21:I21) -> 21.6
A22: Feature 2 | B22: Function 2.1 | C22: Task 2 | D22: 5 | E22: =ROUNDUP($D22*'Effort distribution'!$C$5/'Effort distribution'!$B$5,1) -> 3.4 | F22: =ROUNDUP($D22*'Effort distribution'!$D$5/'Effort distribution'!$B$5,1) -> 1.7 | G22: =ROUNDUP($D22*'Effort distribution'!$E$5/'Effort distribution'!$B$5,1) -> 1.7 | H22: =ROUNDUP($D22*'Effort distribution'!$F$5/'Effort distribution'!$B$5,1) -> 0.9 | I22: =ROUNDUP($D22*'Effort distribution'!$G$5/'Effort distribution'!$B$5,1) -> 0.9 | J22: =SUM(D22:I22) -> 13.6
A23: Feature 2 | B23: Function 2.2 | C23: Task 1 | D23: 8 | E23: =ROUNDUP($D23*'Effort distribution'!$C$5/'Effort distribution'!$B$5,1) -> 5.4 | F23: =ROUNDUP($D23*'Effort distribution'!$D$5/'Effort distribution'!$B$5,1) -> 2.7 | G23: =ROUNDUP($D23*'Effort distribution'!$E$5/'Effort distribution'!$B$5,1) -> 2.7 | H23: =ROUNDUP($D23*'Effort distribution'!$F$5/'Effort distribution'!$B$5,1) -> 1.4 | I23: =ROUNDUP($D23*'Effort distribution'!$G$5/'Effort distribution'!$B$5,1) -> 1.4 | J23: =SUM(D23:I23) -> 21.6
A24: Feature 2 | B24: Function 2.2 | C24: Task 2 | D24: 8 | E24: =ROUNDUP($D24*'Effort distribution'!$C$5/'Effort distribution'!$B$5,1) -> 5.4 | F24: =ROUNDUP($D24*'Effort distribution'!$D$5/'Effort distribution'!$B$5,1) -> 2.7 | G24: =ROUNDUP($D24*'Effort distribution'!$E$5/'Effort distribution'!$B$5,1) -> 2.7 | H24: =ROUNDUP($D24*'Effort distribution'!$F$5/'Effort distribution'!$B$5,1) -> 1.4 | I24: =ROUNDUP($D24*'Effort distribution'!$G$5/'Effort distribution'!$B$5,1) -> 1.4 | J24: =SUM(D24:I24) -> 21.6
A25: Feature 3 | B25: Function 3.1 | C25: Task 1 | D25: 8 | E25: =ROUNDUP($D25*'Effort distribution'!$C$5/'Effort distribution'!$B$5,1) -> 5.4 | F25: =ROUNDUP($D25*'Effort distribution'!$D$5/'Effort distribution'!$B$5,1) -> 2.7 | G25: =ROUNDUP($D25*'Effort distribution'!$E$5/'Effort distribution'!$B$5,1) -> 2.7 | H25: =ROUNDUP($D25*'Effort distribution'!$F$5/'Effort distribution'!$B$5,1) -> 1.4 | I25: =ROUNDUP($D25*'Effort distribution'!$G$5/'Effort distribution'!$B$5,1) -> 1.4 | J25: =SUM(D25:I25) -> 21.6
A26: Feature 3 | B26: Function 3.1 | C26: Task 2 | D26: 8 | E26: =ROUNDUP($D26*'Effort distribution'!$C$5/'Effort distribution'!$B$5,1) -> 5.4 | F26: =ROUNDUP($D26*'Effort distribution'!$D$5/'Effort distribution'!$B$5,1) -> 2.7 | G26: =ROUNDUP($D26*'Effort distribution'!$E$5/'Effort distribution'!$B$5,1) -> 2.7 | H26: =ROUNDUP($D26*'Effort distribution'!$F$5/'Effort distribution'!$B$5,1) -> 1.4 | I26: =ROUNDUP($D26*'Effort distribution'!$G$5/'Effort distribution'!$B$5,1) -> 1.4 | J26: =SUM(D26:I26) -> 21.6
A27: Feature 3 | B27: Function 3.2 | C27: Task 1 | D27: 12 | E27: =ROUNDUP($D27*'Effort distribution'!$C$5/'Effort distribution'!$B$5,1) -> 8 | F27: =ROUNDUP($D27*'Effort distribution'!$D$5/'Effort distribution'!$B$5,1) -> 4 | G27: =ROUNDUP($D27*'Effort distribution'!$E$5/'Effort distribution'!$B$5,1) -> 4 | H27: =ROUNDUP($D27*'Effort distribution'!$F$5/'Effort distribution'!$B$5,1) -> 2 | I27: =ROUNDUP($D27*'Effort distribution'!$G$5/'Effort distribution'!$B$5,1) -> 2 | J27: =SUM(D27:I27) -> 32
A28: Feature 3 | B28: Function 3.2 | C28: Task 2 | D28: 12 | E28: =ROUNDUP($D28*'Effort distribution'!$C$5/'Effort distribution'!$B$5,1) -> 8 | F28: =ROUNDUP($D28*'Effort distribution'!$D$5/'Effort distribution'!$B$5,1) -> 4 | G28: =ROUNDUP($D28*'Effort distribution'!$E$5/'Effort distribution'!$B$5,1) -> 4 | H28: =ROUNDUP($D28*'Effort distribution'!$F$5/'Effort distribution'!$B$5,1) -> 2 | I28: =ROUNDUP($D28*'Effort distribution'!$G$5/'Effort distribution'!$B$5,1) -> 2 | J28: =SUM(D28:I28) -> 32
... A32: Feature 4 | B32: Function 4.2 | C32: Task 2 | D32: 12 | E32: =ROUNDUP($D32*'Effort distribution'!$C$5/'Effort distribution'!$B$5,1) -> 8 | F32: =ROUNDUP($D32*'Effort distribution'!$D$5/'Effort distribution'!$B$5,1) -> 4 | G32: =ROUNDUP($D32*'Effort distribution'!$E$5/'Effort distribution'!$B$5,1) -> 4 | H32: =ROUNDUP($D32*'Effort distribution'!$F$5/'Effort distribution'!$B$5,1) -> 2 | I32: =ROUNDUP($D32*'Effort distribution'!$G$5/'Effort distribution'!$B$5,1) -> 2 | J32: =SUM(D32:I32) -> 32
A33: Total | D33: =SUm(D17:D32) -> 133 | E33: =SUm(E17:E32) -> 89.2 | F33: =SUm(F17:F32) -> 44.8 | G33: =SUm(G17:G32) -> 44.8 | H33: =SUm(H17:H32) -> 22.7 | I33: =SUm(I17:I32) -> 22.7 | J33: =SUm(J17:J32) -> 357.2

Sheet Effort distribution
A1: Effort Distribution by process
A4: Process Name | B4: Coding | C4: Unit test | D4: Fixbug | E4: Specs | F4: Infra | G4: Management
A5: Distribution(%) | B5: 30 | C5: 20 | D5: 10 | E5: 10 | F5: 5 | G5: 5
