Workbook

Sheet History of changes
E1: TEST REPORT | J1: No: BM-QT-1701-15
J2: Version: 2.2
J3: Issue Date: 22/09/2026
A4: SUN ASTERISK VIETNAM CO., LTD | J4: ISO/IEC 27001:2013&ISO 9001:2015
A6: HISTORY OF CHANGES
A7: No | B7: Change Item | E7: Description of changes | J7: Change Date
A8: 1 | E8: Update format | J8: 44320
A9: 2 | B9: All sheet | E9: Update mã biểu mẫu theo tiêu chuẩn ISO. | J9: 22/09/2026

Sheet Overview
C1: TESTING PROGRESS MANAGEMENT | G1: No: BM-QT-1701-15
G2: Version: 2.2
G3: Issue Date: 22/09/2026
A4: SUN ASTERISK VIETNAM CO., LTD | G4: ISO/IEC 27001:2013&ISO 9001:2015
B6: Project name | C6: <Project name> | E6: Creator | F6: <Creator>
B7: Project code | C7: <Project code> | E7: Create date | F7: <Create date>
B8: Version | C8: <Version> | E8: Last Update | F8: <Last Update>
B12: VERSION HISTORY
B14: Version # | C14: Action | D14: Date | E14: Description | F14: Updated person | G14: Note
B15: <0.1> | C15: <Create new> | D15: <YYYY/MM/DD> | E15: <A brief description of the changed content> | F15: <Updated person name> | G15: <Other note if have>
B16: <0.2> | C16: <Modified> | D16: <YYYY/MM/DD> | E16: <A brief description of the changed content> | F16: <Updated person name> | G16: <Other note if have>

Sheet Task List & Plan
E1: TEST REPORT | Q1: No: BM-QT-1701-15
Q2: Version: 2.2
Q3: Issue Date: 22/09/2026
A4: SUN ASTERISK VIETNAM CO., LTD | Q4: ISO/IEC 27001:2013&ISO 9001:2015
J6: Task List & Plan
B9: Creator | C9: <Creator>
B10: Create date | C10: <YYYY/MM/DD>
B11: [Test Environment] | C11: [<Chrome/IE 8...>]
B13: Note:
B14: 1. In case you have a column that all cells of it have the same value, you can summary it to create an related item in “Summary” area and delete related column. For example: Test Environment for all function is Chrome/IE 8 => you can create item as cell B6 and delete “Test environment” column
B15: 2. (*) is required field.
A18: #ID(*) | B18: Task List (*) | C18: Type of Testing | H18: Create test cases plan (*) | K18: Execute test plan (*) | N18: Bug plan | O18: Start date (*) | P18: End date (*) | Q18: Other | U18: [Test Environment]
C19: UT | D19: IT (*) | E19: ST | F19: AT | G19: … | H19: Number of Tcs | I19: Effort (days) | J19: Person Incharge | K19: Number of Tcs | L19: Effort (days) | M19: Person Incharge | Q19: Criteria to start | R19: Criteria to Finish | S19: Criteria to Cancel/Stop test | T19: …
A20: 1 | B20: <Task 1> | D20: ◯ | E20: ◯ | H20: 100 | I20: =ROUND(H20/60,2) -> 1.67 | J20: <Creator> | K20: =H20*1.2 -> 120 | L20: =ROUND(K20/70,2) -> 1.71 | M20: <Executors> | N20: =ROUND(K20*0.03,0) -> 4 | O20: <YYYY/MM/DD> | P20: <YYYY/MM/DD> | Q20: <Main operation of Login and registration function is finished.> <Task 1 must be finish 100%> | R20: <+ 100% test case is execute + All bugs are fixed and re-test + All of not fixed bugs/ pending items have been logged to agreed resolution document. …>. | S20: <+ Dev has not performed Unit test yet. + Actual number of bugs is larger than plan.> | U20: <Chrome/IE 8...>
A21: =A20+1 -> 2 | B21: <Task 2> | D21: ◯ | H21: 80 | I21: =ROUND(H21/60,2) -> 1.33 | J21: <Creator> | K21: =H21*1.2 -> 96 | L21: =ROUND(K21/70,2) -> 1.37 | M21: <Executors> | N21: =ROUND(K21*0.03,0) -> 3 | O21: <YYYY/MM/DD> | P21: <YYYY/MM/DD> | Q21: N/A | R21: … | S21: … | U21: …
A22: =A21+1 -> 3 | B22: <Task 3> | C22: ◯ | D22: ◯ | E22: ◯ | H22: 140 | I22: =ROUND(H22/60,2) -> 2.33 | J22: <Creator> | K22: =H22*1.2 -> 168 | L22: =ROUND(K22/70,2) -> 2.4 | M22: <Executors> | N22: =ROUND(K22*0.03,0) -> 5 | O22: <YYYY/MM/DD> | P22: <YYYY/MM/DD> | Q22: <Main operation of Login and registration function is finished.> | R22: … | S22: … | U22: …
A23: =A22+1 -> 4 | B23: <Task 4> | D23: ◯ | H23: 95 | I23: =ROUND(H23/60,2) -> 1.58 | J23: <Creator> | K23: =H23*1.2 -> 114 | L23: =ROUND(K23/70,2) -> 1.63 | M23: <Executors> | N23: =ROUND(K23*0.03,0) -> 3 | O23: <YYYY/MM/DD> | P23: <YYYY/MM/DD>
A24: =A23+1 -> 5 | B24: <Task 5> | D24: ◯ | E24: ◯ | H24: 70 | I24: =ROUND(H24/60,2) -> 1.17 | J24: <Creator> | K24: =H24*1.2 -> 84 | L24: =ROUND(K24/70,2) -> 1.2 | M24: <Executors> | N24: =ROUND(K24*0.03,0) -> 3 | O24: <YYYY/MM/DD> | P24: <YYYY/MM/DD> | Q24: <Task 1 must be finish 100%>
A25: =A24+1 -> 6 | B25: <Task 6> | D25: ◯ | H25: 155 | I25: =ROUND(H25/60,2) -> 2.58 | J25: <Creator> | K25: =H25*1.2 -> 186 | L25: =ROUND(K25/70,2) -> 2.66 | M25: <Executors> | N25: =ROUND(K25*0.03,0) -> 6 | O25: <YYYY/MM/DD> | P25: <YYYY/MM/DD>
B26: Total | H26: =SUM(H20:H25) -> 640 | I26: =ROUND(SUM(I20:I25),0) -> 11 | K26: =SUM(K20:K25) -> 768 | L26: =ROUND(SUM(L20:L25),0) -> 11 | N26: =SUM(N20:N25) -> 24

Sheet Create Test case Progress 
E1: TEST REPORT | Q1: No: BM-QT-1701-15
Q2: Version: 2.2
Q3: Issue Date: 22/09/2026
A4: SUN ASTERISK VIETNAM CO., LTD | Q4: ISO/IEC 27001:2013&ISO 9001:2015
B6: Create test case
B8: Creator | C8: <Creator>
B9: Create date | C9: <YYYY/MM/DD>
B10: Start date | C10: <YYYY/MM/DD>
B11: End date | C11: <YYYY/MM/DD>
A14: #ID(*) | B14: Task List (*) | C14: Person Incharge(*) | D14: Created Number (*) | G14: Progress (*) | I14: Create date (*)
I15: Tue | J15: Wed | K15: Thu | L15: Fri | M15: Sat | N15: Sun | O15: Mon | P15: Tue | Q15: Wed | R15: Thu | S15: Fri | T15: Sat | U15: Sun | V15: Mon | W15: Tue
D16: Plan | E16: Actual | F16: Remain | I16: 42320 | J16: 42321 | K16: 42322 | L16: 42323 | M16: 42324 | N16: 42325 | O16: 42326 | P16: 42327 | Q16: 42328 | R16: 42329 | S16: 42330 | T16: 42331 | U16: 42332 | V16: 42333 | W16: 42334
A17: 1 | B17: ='Task List & Plan'!B20 -> <Task 1> | C17: ='Task List & Plan'!J20 -> <Creator> | D17: ='Task List & Plan'!H20 -> 100 | E17: =SUM(I18:W18) -> 100 | F17: =D17-E17 -> 0 | G17: =E17/D17 -> 1 | H17: Plan | I17: 60 | J17: 40
H18: Actual | I18: 75 | J18: 25
A19: 2 | B19: ='Task List & Plan'!B21 -> <Task 2> | C19: ='Task List & Plan'!J22 -> <Creator> | D19: ='Task List & Plan'!H22 -> 140 | E19: =SUM(I20:W20) -> 80 | F19: =D19-E19 -> 60 | G19: =E19/D19 -> 0.57142857 | H19: Plan | J19: 20 | K19: 60
H20: Actual | J20: 35 | K20: 45
A21: 3 | B21: ='Task List & Plan'!B22 -> <Task 3> | C21: ='Task List & Plan'!J24 -> <Creator> | D21: ='Task List & Plan'!H24 -> 70 | E21: =SUM(I22:W22) -> 140 | F21: =D21-E21 -> -70 | G21: =E21/D21 -> 2 | H21: Plan | L21: 60 | O21: 60 | P21: 20
H22: Actual | K22: 15 | L22: 60 | O22: 60 | P22: 5
A23: 4 | B23: ='Task List & Plan'!B23 -> <Task 4> | C23: ='Task List & Plan'!J26 | D23: ='Task List & Plan'!H26 -> 640 | E23: =SUM(I24:W24) -> 95 | F23: =D23-E23 -> 545 | G23: =E23/D23 -> 0.1484375 | H23: Plan | P23: 40 | Q23: 55
H24: Actual | P24: 55 | Q24: 40
A25: 5 | B25: ='Task List & Plan'!B25 -> <Task 6> | C25: ='Task List & Plan'!J28 | D25: ='Task List & Plan'!H28 | E25: =SUM(I26:W26) -> 20 | F25: =D25-E25 -> -20 | G25: =E25/D25 -> #DIV/0! | H25: Plan | Q25: 5 | R25: 60 | S25: 5
H26: Actual | Q26: 20
A27: 6 | B27: ='Task List & Plan'!B27 | C27: ='Task List & Plan'!J30 | D27: ='Task List & Plan'!H30 | E27: =SUM(I28:W28) -> 0 | F27: =D27-E27 -> 0 | G27: =E27/D27 -> #DIV/0! | H27: Plan | S27: 55 | V27: 60 | W27: 40
H28: Actual
B29: ='Task List & Plan'!B26 -> Total | D29: =SUM(D17:D27) -> 950 | E29: =SUM(E17:E27) -> 435 | F29: =SUM(F17:F27) -> 515 | G29: =E29/D29 -> 0.45789474

Sheet Execute Test Progress 
E1: TEST REPORT | Q1: No: BM-QT-1701-15
Q2: Version: 2.2
Q3: Issue Date: 22/09/2026
A4: SUN ASTERISK VIETNAM CO., LTD | Q4: ISO/IEC 27001:2013&ISO 9001:2015
B6: Execute testing
B8: Creator | C8: <Creator>
B9: Create date | C9: <YYYY/MM/DD>
B10: Start date | C10: <YYYY/MM/DD>
B11: End date | C11: <YYYY/MM/DD>
A14: #ID(*) | B14: Task List (*) | C14: Person Incharge(*) | D14: Execute Number (*) | G14: Progress (*) | I14: Execute date (*)
I15: Tue | J15: Wed | K15: Thu | L15: Fri | M15: Sat | N15: Sun | O15: Mon | P15: Tue | Q15: Wed | R15: Thu | S15: Fri | T15: Sat | U15: Sun | V15: Mon | W15: Tue
D16: Plan | E16: Actual | F16: Remain | I16: 42320 | J16: 42321 | K16: 42322 | L16: 42323 | M16: 42324 | N16: 42325 | O16: 42326 | P16: 42327 | Q16: 42328 | R16: 42329 | S16: 42330 | T16: 42331 | U16: 42332 | V16: 42333 | W16: 42334
A17: 1 | B17: ='Task List & Plan'!B20 -> <Task 1> | C17: ='Task List & Plan'!J20 -> <Creator> | D17: ='Task List & Plan'!K20 -> 120 | E17: =SUM(I18:W18) -> 120 | F17: =D17-E17 -> 0 | G17: =E17/D17 -> 1 | H17: Plan | I17: 70 | J17: 50
H18: Actual | I18: 75 | J18: 45
A19: 2 | B19: ='Task List & Plan'!B22 -> <Task 3> | C19: ='Task List & Plan'!J22 -> <Creator> | D19: ='Task List & Plan'!K22 -> 168 | E19: =SUM(I20:W20) -> 96 | F19: =D19-E19 -> 72 | G19: =E19/D19 -> 0.57142857 | H19: Plan | J19: 20 | K19: 70 | L19: 6
H20: Actual | J20: 25 | K20: 71
A21: 3 | B21: ='Task List & Plan'!B24 -> <Task 5> | C21: ='Task List & Plan'!J24 -> <Creator> | D21: ='Task List & Plan'!K24 -> 84 | E21: =SUM(I22:W22) -> 168 | F21: =D21-E21 -> -84 | G21: =E21/D21 -> 2 | H21: Plan | L21: 64 | O21: 70 | P21: 34
H22: Actual | L22: 70 | O22: 70 | P22: 28
A23: 4 | B23: ='Task List & Plan'!B26 -> Total | C23: ='Task List & Plan'!J26 | D23: ='Task List & Plan'!K26 -> 768 | E23: =SUM(I24:W24) -> 40 | F23: =D23-E23 -> 728 | G23: =E23/D23 -> 0.052083333 | H23: Plan | P23: 36 | Q23: 70 | R23: 8
H24: Actual | P24: 40
A25: 5 | B25: ='Task List & Plan'!B28 | C25: ='Task List & Plan'!J28 | D25: ='Task List & Plan'!K28 | E25: =SUM(I26:W26) -> 0 | F25: =D25-E25 -> 0 | G25: =E25/D25 -> #DIV/0! | H25: Plan | R25: 62 | S25: 22
H26: Actual
A27: 6 | B27: ='Task List & Plan'!B30 | C27: ='Task List & Plan'!J30 | D27: ='Task List & Plan'!K30 | E27: =SUM(I28:W28) -> 0 | F27: =D27-E27 -> 0 | G27: =E27/D27 -> #DIV/0! | H27: Plan | S27: 48 | V27: 70 | W27: 68
H28: Actual
B29: ='Task List & Plan'!B26 -> Total | D29: =SUM(D17:D27) -> 1140 | E29: =SUM(E17:E27) -> 424 | F29: =SUM(F17:F27) -> 716 | G29: =E29/D29 -> 0.37192982 | H29: Delay | I29: =SUM(I17,I19,I21,I23,I25,I27)-SUM(I28,I26,I24,I22,I20,I18) -> -5 | J29: =SUM(J17,J19,J21,J23,J25,J27)-SUM(J28,J26,J24,J22,J20,J18)+I29 -> -5 | K29: =SUM(K17,K19,K21,K23,K25,K27)-SUM(K28,K26,K24,K22,K20,K18)+J29 -> -6 | L29: =SUM(L17,L19,L21,L23,L25,L27)-SUM(L28,L26,L24,L22,L20,L18)+K29 -> -6 | M29: =SUM(M17,M19,M21,M23,M25,M27)-SUM(M28,M26,M24,M22,M20,M18)+L29 -> -6 | N29: =SUM(N17,N19,N21,N23,N25,N27)-SUM(N28,N26,N24,N22,N20,N18)+M29 -> -6 | O29: =SUM(O17,O19,O21,O23,O25,O27)-SUM(O28,O26,O24,O22,O20,O18)+N29 -> -6 | P29: =SUM(P17,P19,P21,P23,P25,P27)-SUM(P28,P26,P24,P22,P20,P18)+O29 -> -4 | Q29: =SUM(Q17,Q19,Q21,Q23,Q25,Q27)-SUM(Q28,Q26,Q24,Q22,Q20,Q18)+P29 -> 66 | ... W29: =SUM(W17,W19,W21,W23,W25,W27)-SUM(W28,W26,W24,W22,W20,W18)+V29 -> 344
