Workbook
Name FEReceiverManagement: #REF!
Name BEBasicLayout: #REF!
Name BEAdvanceFeatures: #REF!
Name Holiday: General!$U$13:$U$26
Name BEBasicLayout: #REF!
Name BEAdvanceFeatures: #REF!
Name FEAdvanceFeatures: #REF!
Name BEReceiMng: #REF!

Sheet 開発スケジュール
B1: Project NewYearCardB2C
B2: Team : ATS | E2: Start | F2: End | H2: Bug fixing | I2: 0.1
B3: Last update | C3: 43403 | E3: =MIN(E13:E35) -> 43801 | F3: =MAX(F13:F35) -> 43815 | H3: Management | I3: 0.2
B4: Updated by | C4: DinhPQ | H4: RSpec | I4: 0.3 | P4: =IF(P12=TODAY(),"TODAY","") | Q4: =IF(Q12=TODAY(),"TODAY","") | R4: =IF(R12=TODAY(),"TODAY","") | S4: =IF(S12=TODAY(),"TODAY","") | T4: =IF(T12=TODAY(),"TODAY","") | U4: =IF(U12=TODAY(),"TODAY","") | V4: =IF(V12=TODAY(),"TODAY","") | W4: =IF(W12=TODAY(),"TODAY","") | ... FX4: =IF(FX12=TODAY(),"TODAY","")
B5: Total point | C5: =SUM(#REF!) -> #REF!
B8: FireFox 20% | C8: 1.2 | E8: Start | F8: End | I8: SUM QA | Q8: =SUMIF($D13:$D300, "QA" ,Q13:Q300) -> 0 | R8: =SUMIF($D13:$D300, "QA" ,R13:R300) -> 1 | S8: =SUMIF($D13:$D300, "QA" ,S13:S300) -> 1 | T8: =SUMIF($D13:$D300, "QA" ,T13:T300) -> 1 | U8: =SUMIF($D13:$D300, "QA" ,U13:U300) -> 1 | V8: =SUMIF($D13:$D300, "QA" ,V13:V300) -> 0 | W8: =SUMIF($D13:$D300, "QA" ,W13:W300) -> 0 | X8: =SUMIF($D13:$D300, "QA" ,X13:X300) -> 1 | ... FX8: =SUMIF($D13:$D300, "QA" ,FX13:FX300) -> 0
B9: Design Fb 30% | C9: 1.3 | E9: =MIN(E13:E100) -> 43801 | F9: =MAX(F13:F100) -> 43830 | I9: SUM PG | Q9: =SUMIF($D13:$D300, "PG" ,Q13:Q300) -> 1 | R9: =SUMIF($D13:$D300, "PG" ,R13:R300) -> 1 | S9: =SUMIF($D13:$D300, "PG" ,S13:S300) -> 1 | T9: =SUMIF($D13:$D300, "PG" ,T13:T300) -> 1 | U9: =SUMIF($D13:$D300, "PG" ,U13:U300) -> 1 | V9: =SUMIF($D13:$D300, "PG" ,V13:V300) -> 0 | W9: =SUMIF($D13:$D300, "PG" ,W13:W300) -> 0 | X9: =SUMIF($D13:$D300, "PG" ,X13:X300) -> 1 | ... FX9: =SUMIF($D13:$D300, "PG" ,FX13:FX300) -> 0
I10: SUM Front | Q10: =SUMIF($D13:$D300, "Front" ,Q13:Q300) -> 0 | R10: =SUMIF($D13:$D300, "Front" ,R13:R300) -> 0 | S10: =SUMIF($D13:$D300, "Front" ,S13:S300) -> 0 | T10: =SUMIF($D13:$D300, "Front" ,T13:T300) -> 0 | U10: =SUMIF($D13:$D300, "Front" ,U13:U300) -> 0 | V10: =SUMIF($D13:$D300, "Front" ,V13:V300) -> 0 | W10: =SUMIF($D13:$D300, "Front" ,W13:W300) -> 0 | X10: =SUMIF($D13:$D300, "Front" ,X13:X300) -> 0 | ... FX10: =SUMIF($D13:$D300, "Front" ,FX13:FX300) -> 0
G11: must fill | I11: must fill | P11: M | Q11: =IF(Month(Q12)=Month(R12),"",Month(Q12)) | R11: =IF(Month(R12)=Month(Q12),"",Month(R12)) | S11: =IF(Month(S12)=Month(R12),"",Month(S12)) | T11: =IF(Month(T12)=Month(S12),"",Month(T12)) | U11: =IF(Month(U12)=Month(T12),"",Month(U12)) | V11: =IF(Month(V12)=Month(U12),"",Month(V12)) | W11: =IF(Month(W12)=Month(V12),"",Month(W12)) | X11: =IF(Month(X12)=Month(W12),"",Month(X12)) | Y11: =IF(Month(Y12)=Month(X12),"",Month(Y12)) | ... FX11: =IF(Month(FX12)=Month(FW12),"",Month(FX12))
A12: _x0008_Redmine | B12: Story/Screen | C12: Feature | D12: Role | E12: =E2 -> Start | F12: =F2 -> End | G12: Estimate | H12: PIC | I12: Assign | J12: Status | K12: Actual Start | L12: Actual End | M12: Progress | N12: Current point (%) | O12: Check deadline | P12: D | Q12: =E3 -> 43801 | R12: =Q12+1 -> 43802 | S12: =R12+1 -> 43803 | T12: =S12+1 -> 43804 | U12: =T12+1 -> 43805 | V12: =U12+1 -> 43806 | W12: =V12+1 -> 43807 | X12: =W12+1 -> 43808 | Y12: =X12+1 -> 43809 | ... FX12: =FW12+1 -> 43964
A13: 388176 | B13: プロジェクトコピー | D13: PG | E13: 43801 | F13: =WORKDAY(E13,ROUNDUP(G13/I13,0),General!$U$13:$U$27)-1 -> 43801 | G13: 0.5 | I13: 1 | Q13: =IF(AND(Q$12>=$E13,Q$12<=$F13,MOD(Q$12,7)>1,NOT(COUNTIF(General!$U$13:$U$19,Q$12))),$I13,"") -> 1 | R13: =IF(AND(R$12>=$E13,R$12<=$F13,MOD(R$12,7)>1,NOT(COUNTIF(General!$U$13:$U$19,R$12))),$I13,"") | S13: =IF(AND(S$12>=$E13,S$12<=$F13,MOD(S$12,7)>1,NOT(COUNTIF(General!$U$13:$U$19,S$12))),$I13,"") | T13: =IF(AND(T$12>=$E13,T$12<=$F13,MOD(T$12,7)>1,NOT(COUNTIF(General!$U$13:$U$19,T$12))),$I13,"") | U13: =IF(AND(U$12>=$E13,U$12<=$F13,MOD(U$12,7)>1,NOT(COUNTIF(General!$U$13:$U$19,U$12))),$I13,"") | V13: =IF(AND(V$12>=$E13,V$12<=$F13,MOD(V$12,7)>1,NOT(COUNTIF(General!$U$13:$U$19,V$12))),$I13,"") | W13: =IF(AND(W$12>=$E13,W$12<=$F13,MOD(W$12,7)>1,NOT(COUNTIF(General!$U$13:$U$19,W$12))),$I13,"") | X13: =IF(AND(X$12>=$E13,X$12<=$F13,MOD(X$12,7)>1,NOT(COUNTIF(General!$U$13:$U$19,X$12))),$I13,"") | ... FX13: =IF(AND(FX$12>=$E13,FX$12<=$F13,MOD(FX$12,7)>1,NOT(COUNTIF(General!$U$13:$U$19,FX$12))),$I13,"")
A14: 388797 | B14: Select及びdirectURLからのsecret_key廃止 | D14: PG | E14: 43802 | F14: =WORKDAY(E14,ROUNDUP(G14/I14,0),General!$U$13:$U$27)-1 -> 43803 | G14: 2 | I14: 1 | Q14: =IF(AND(Q$12>=$E14,Q$12<=$F14,MOD(Q$12,7)>1,NOT(COUNTIF(General!$U$13:$U$19,Q$12))),$I14,"") | R14: =IF(AND(R$12>=$E14,R$12<=$F14,MOD(R$12,7)>1,NOT(COUNTIF(General!$U$13:$U$19,R$12))),$I14,"") -> 1 | S14: =IF(AND(S$12>=$E14,S$12<=$F14,MOD(S$12,7)>1,NOT(COUNTIF(General!$U$13:$U$19,S$12))),$I14,"") -> 1 | T14: =IF(AND(T$12>=$E14,T$12<=$F14,MOD(T$12,7)>1,NOT(COUNTIF(General!$U$13:$U$19,T$12))),$I14,"") | U14: =IF(AND(U$12>=$E14,U$12<=$F14,MOD(U$12,7)>1,NOT(COUNTIF(General!$U$13:$U$19,U$12))),$I14,"") | V14: =IF(AND(V$12>=$E14,V$12<=$F14,MOD(V$12,7)>1,NOT(COUNTIF(General!$U$13:$U$19,V$12))),$I14,"") | W14: =IF(AND(W$12>=$E14,W$12<=$F14,MOD(W$12,7)>1,NOT(COUNTIF(General!$U$13:$U$19,W$12))),$I14,"") | X14: =IF(AND(X$12>=$E14,X$12<=$F14,MOD(X$12,7)>1,NOT(COUNTIF(General!$U$13:$U$19,X$12))),$I14,"") | ... FX14: =IF(AND(FX$12>=$E14,FX$12<=$F14,MOD(FX$12,7)>1,NOT(COUNTIF(General!$U$13:$U$19,FX$12))),$I14,"")
D15: QA | E15: 43803 | F15: =WORKDAY(E15,ROUNDUP(G15/I15,0),General!$U$13:$U$27)-1 -> 43803 | G15: =G14*0.4 -> 0.8 | I15: 1 | Q15: =IF(AND(Q$12>=$E15,Q$12<=$F15,MOD(Q$12,7)>1,NOT(COUNTIF(General!$U$13:$U$19,Q$12))),$I15,"") | R15: =IF(AND(R$12>=$E15,R$12<=$F15,MOD(R$12,7)>1,NOT(COUNTIF(General!$U$13:$U$19,R$12))),$I15,"") | S15: =IF(AND(S$12>=$E15,S$12<=$F15,MOD(S$12,7)>1,NOT(COUNTIF(General!$U$13:$U$19,S$12))),$I15,"") -> 1 | T15: =IF(AND(T$12>=$E15,T$12<=$F15,MOD(T$12,7)>1,NOT(COUNTIF(General!$U$13:$U$19,T$12))),$I15,"") | U15: =IF(AND(U$12>=$E15,U$12<=$F15,MOD(U$12,7)>1,NOT(COUNTIF(General!$U$13:$U$19,U$12))),$I15,"") | V15: =IF(AND(V$12>=$E15,V$12<=$F15,MOD(V$12,7)>1,NOT(COUNTIF(General!$U$13:$U$19,V$12))),$I15,"") | W15: =IF(AND(W$12>=$E15,W$12<=$F15,MOD(W$12,7)>1,NOT(COUNTIF(General!$U$13:$U$19,W$12))),$I15,"") | X15: =IF(AND(X$12>=$E15,X$12<=$F15,MOD(X$12,7)>1,NOT(COUNTIF(General!$U$13:$U$19,X$12))),$I15,"") | ... FX15: =IF(AND(FX$12>=$E15,FX$12<=$F15,MOD(FX$12,7)>1,NOT(COUNTIF(General!$U$13:$U$19,FX$12))),$I15,"")
A16: 389079 | B16: 「印刷内容確認」画面からのsecret_key廃止 | D16: PG | E16: 43804 | F16: =WORKDAY(E16,ROUNDUP(G16/I16,0),General!$U$13:$U$27)-1 -> 43808 | G16: 3 | I16: 1 | Q16: =IF(AND(Q$12>=$E16,Q$12<=$F16,MOD(Q$12,7)>1,NOT(COUNTIF(General!$U$13:$U$19,Q$12))),$I16,"") | R16: =IF(AND(R$12>=$E16,R$12<=$F16,MOD(R$12,7)>1,NOT(COUNTIF(General!$U$13:$U$19,R$12))),$I16,"") | S16: =IF(AND(S$12>=$E16,S$12<=$F16,MOD(S$12,7)>1,NOT(COUNTIF(General!$U$13:$U$19,S$12))),$I16,"") | T16: =IF(AND(T$12>=$E16,T$12<=$F16,MOD(T$12,7)>1,NOT(COUNTIF(General!$U$13:$U$19,T$12))),$I16,"") -> 1 | U16: =IF(AND(U$12>=$E16,U$12<=$F16,MOD(U$12,7)>1,NOT(COUNTIF(General!$U$13:$U$19,U$12))),$I16,"") -> 1 | V16: =IF(AND(V$12>=$E16,V$12<=$F16,MOD(V$12,7)>1,NOT(COUNTIF(General!$U$13:$U$19,V$12))),$I16,"") | W16: =IF(AND(W$12>=$E16,W$12<=$F16,MOD(W$12,7)>1,NOT(COUNTIF(General!$U$13:$U$19,W$12))),$I16,"") | X16: =IF(AND(X$12>=$E16,X$12<=$F16,MOD(X$12,7)>1,NOT(COUNTIF(General!$U$13:$U$19,X$12))),$I16,"") -> 1 | ... FX16: =IF(AND(FX$12>=$E16,FX$12<=$F16,MOD(FX$12,7)>1,NOT(COUNTIF(General!$U$13:$U$19,FX$12))),$I16,"")
D17: QA | E17: 43808 | F17: =WORKDAY(E17,ROUNDUP(G17/I17,0),General!$U$13:$U$27)-1 -> 43809 | G17: =G16*0.4 -> 1.2 | I17: 1 | Q17: =IF(AND(Q$12>=$E17,Q$12<=$F17,MOD(Q$12,7)>1,NOT(COUNTIF(General!$U$13:$U$19,Q$12))),$I17,"") | R17: =IF(AND(R$12>=$E17,R$12<=$F17,MOD(R$12,7)>1,NOT(COUNTIF(General!$U$13:$U$19,R$12))),$I17,"") | S17: =IF(AND(S$12>=$E17,S$12<=$F17,MOD(S$12,7)>1,NOT(COUNTIF(General!$U$13:$U$19,S$12))),$I17,"") | T17: =IF(AND(T$12>=$E17,T$12<=$F17,MOD(T$12,7)>1,NOT(COUNTIF(General!$U$13:$U$19,T$12))),$I17,"") | U17: =IF(AND(U$12>=$E17,U$12<=$F17,MOD(U$12,7)>1,NOT(COUNTIF(General!$U$13:$U$19,U$12))),$I17,"") | V17: =IF(AND(V$12>=$E17,V$12<=$F17,MOD(V$12,7)>1,NOT(COUNTIF(General!$U$13:$U$19,V$12))),$I17,"") | W17: =IF(AND(W$12>=$E17,W$12<=$F17,MOD(W$12,7)>1,NOT(COUNTIF(General!$U$13:$U$19,W$12))),$I17,"") | X17: =IF(AND(X$12>=$E17,X$12<=$F17,MOD(X$12,7)>1,NOT(COUNTIF(General!$U$13:$U$19,X$12))),$I17,"") -> 1 | ... FX17: =IF(AND(FX$12>=$E17,FX$12<=$F17,MOD(FX$12,7)>1,NOT(COUNTIF(General!$U$13:$U$19,FX$12))),$I17,"")
A18: 389709 | B18: 宛名面の入力画面設計 | D18: PG2 | E18: 43801 | F18: =WORKDAY(E18,ROUNDUP(G18/I18,0),General!$U$13:$U$27)-1 -> 43802 | G18: 2 | I18: 1 | Q18: =IF(AND(Q$12>=$E18,Q$12<=$F18,MOD(Q$12,7)>1,NOT(COUNTIF(General!$U$13:$U$19,Q$12))),$I18,"") -> 1 | R18: =IF(AND(R$12>=$E18,R$12<=$F18,MOD(R$12,7)>1,NOT(COUNTIF(General!$U$13:$U$19,R$12))),$I18,"") -> 1 | S18: =IF(AND(S$12>=$E18,S$12<=$F18,MOD(S$12,7)>1,NOT(COUNTIF(General!$U$13:$U$19,S$12))),$I18,"") | T18: =IF(AND(T$12>=$E18,T$12<=$F18,MOD(T$12,7)>1,NOT(COUNTIF(General!$U$13:$U$19,T$12))),$I18,"") | U18: =IF(AND(U$12>=$E18,U$12<=$F18,MOD(U$12,7)>1,NOT(COUNTIF(General!$U$13:$U$19,U$12))),$I18,"") | V18: =IF(AND(V$12>=$E18,V$12<=$F18,MOD(V$12,7)>1,NOT(COUNTIF(General!$U$13:$U$19,V$12))),$I18,"") | W18: =IF(AND(W$12>=$E18,W$12<=$F18,MOD(W$12,7)>1,NOT(COUNTIF(General!$U$13:$U$19,W$12))),$I18,"") | X18: =IF(AND(X$12>=$E18,X$12<=$F18,MOD(X$12,7)>1,NOT(COUNTIF(General!$U$13:$U$19,X$12))),$I18,"") | ... FX18: =IF(AND(FX$12>=$E18,FX$12<=$F18,MOD(FX$12,7)>1,NOT(COUNTIF(General!$U$13:$U$19,FX$12))),$I18,"")
D19: QA | E19: 43802 | F19: =WORKDAY(E19,ROUNDUP(G19/I19,0),General!$U$13:$U$27)-1 -> 43802 | G19: =G18*0.4 -> 0.8 | I19: 1 | Q19: =IF(AND(Q$12>=$E19,Q$12<=$F19,MOD(Q$12,7)>1,NOT(COUNTIF(General!$U$13:$U$19,Q$12))),$I19,"") | R19: =IF(AND(R$12>=$E19,R$12<=$F19,MOD(R$12,7)>1,NOT(COUNTIF(General!$U$13:$U$19,R$12))),$I19,"") -> 1 | S19: =IF(AND(S$12>=$E19,S$12<=$F19,MOD(S$12,7)>1,NOT(COUNTIF(General!$U$13:$U$19,S$12))),$I19,"") | T19: =IF(AND(T$12>=$E19,T$12<=$F19,MOD(T$12,7)>1,NOT(COUNTIF(General!$U$13:$U$19,T$12))),$I19,"") | U19: =IF(AND(U$12>=$E19,U$12<=$F19,MOD(U$12,7)>1,NOT(COUNTIF(General!$U$13:$U$19,U$12))),$I19,"") | V19: =IF(AND(V$12>=$E19,V$12<=$F19,MOD(V$12,7)>1,NOT(COUNTIF(General!$U$13:$U$19,V$12))),$I19,"") | W19: =IF(AND(W$12>=$E19,W$12<=$F19,MOD(W$12,7)>1,NOT(COUNTIF(General!$U$13:$U$19,W$12))),$I19,"") | X19: =IF(AND(X$12>=$E19,X$12<=$F19,MOD(X$12,7)>1,NOT(COUNTIF(General!$U$13:$U$19,X$12))),$I19,"") | ... FX19: =IF(AND(FX$12>=$E19,FX$12<=$F19,MOD(FX$12,7)>1,NOT(COUNTIF(General!$U$13:$U$19,FX$12))),$I19,"")
A20: 388893 | B20: 利用規約画面へのバナーの掲載 | D20: PG2 | E20: 43803 | F20: =WORKDAY(E20,ROUNDUP(G20/I20,0),General!$U$13:$U$27)-1 -> 43803 | G20: 1 | I20: 1 | Q20: =IF(AND(Q$12>=$E20,Q$12<=$F20,MOD(Q$12,7)>1,NOT(COUNTIF(General!$U$13:$U$19,Q$12))),$I20,"") | R20: =IF(AND(R$12>=$E20,R$12<=$F20,MOD(R$12,7)>1,NOT(COUNTIF(General!$U$13:$U$19,R$12))),$I20,"") | S20: =IF(AND(S$12>=$E20,S$12<=$F20,MOD(S$12,7)>1,NOT(COUNTIF(General!$U$13:$U$19,S$12))),$I20,"") -> 1 | T20: =IF(AND(T$12>=$E20,T$12<=$F20,MOD(T$12,7)>1,NOT(COUNTIF(General!$U$13:$U$19,T$12))),$I20,"") | U20: =IF(AND(U$12>=$E20,U$12<=$F20,MOD(U$12,7)>1,NOT(COUNTIF(General!$U$13:$U$19,U$12))),$I20,"") | V20: =IF(AND(V$12>=$E20,V$12<=$F20,MOD(V$12,7)>1,NOT(COUNTIF(General!$U$13:$U$19,V$12))),$I20,"") | W20: =IF(AND(W$12>=$E20,W$12<=$F20,MOD(W$12,7)>1,NOT(COUNTIF(General!$U$13:$U$19,W$12))),$I20,"") | X20: =IF(AND(X$12>=$E20,X$12<=$F20,MOD(X$12,7)>1,NOT(COUNTIF(General!$U$13:$U$19,X$12))),$I20,"") | ... FX20: =IF(AND(FX$12>=$E20,FX$12<=$F20,MOD(FX$12,7)>1,NOT(COUNTIF(General!$U$13:$U$19,FX$12))),$I20,"")
D21: QA | E21: 43804 | F21: =WORKDAY(E21,ROUNDUP(G21/I21,0),General!$U$13:$U$27)-1 -> 43804 | G21: =G20*0.4 -> 0.4 | I21: 1 | Q21: =IF(AND(Q$12>=$E21,Q$12<=$F21,MOD(Q$12,7)>1,NOT(COUNTIF(General!$U$13:$U$19,Q$12))),$I21,"") | R21: =IF(AND(R$12>=$E21,R$12<=$F21,MOD(R$12,7)>1,NOT(COUNTIF(General!$U$13:$U$19,R$12))),$I21,"") | S21: =IF(AND(S$12>=$E21,S$12<=$F21,MOD(S$12,7)>1,NOT(COUNTIF(General!$U$13:$U$19,S$12))),$I21,"") | T21: =IF(AND(T$12>=$E21,T$12<=$F21,MOD(T$12,7)>1,NOT(COUNTIF(General!$U$13:$U$19,T$12))),$I21,"") -> 1 | U21: =IF(AND(U$12>=$E21,U$12<=$F21,MOD(U$12,7)>1,NOT(COUNTIF(General!$U$13:$U$19,U$12))),$I21,"") | V21: =IF(AND(V$12>=$E21,V$12<=$F21,MOD(V$12,7)>1,NOT(COUNTIF(General!$U$13:$U$19,V$12))),$I21,"") | W21: =IF(AND(W$12>=$E21,W$12<=$F21,MOD(W$12,7)>1,NOT(COUNTIF(General!$U$13:$U$19,W$12))),$I21,"") | X21: =IF(AND(X$12>=$E21,X$12<=$F21,MOD(X$12,7)>1,NOT(COUNTIF(General!$U$13:$U$19,X$12))),$I21,"") | ... FX21: =IF(AND(FX$12>=$E21,FX$12<=$F21,MOD(FX$12,7)>1,NOT(COUNTIF(General!$U$13:$U$19,FX$12))),$I21,"")
A22: 389262 | B22: メールアドレスのバリデーション | D22: PG2 | E22: 43804 | F22: =WORKDAY(E22,ROUNDUP(G22/I22,0),General!$U$13:$U$27)-1 -> 43807 | G22: 1.5 | I22: 1 | Q22: =IF(AND(Q$12>=$E22,Q$12<=$F22,MOD(Q$12,7)>1,NOT(COUNTIF(General!$U$13:$U$19,Q$12))),$I22,"") | R22: =IF(AND(R$12>=$E22,R$12<=$F22,MOD(R$12,7)>1,NOT(COUNTIF(General!$U$13:$U$19,R$12))),$I22,"") | S22: =IF(AND(S$12>=$E22,S$12<=$F22,MOD(S$12,7)>1,NOT(COUNTIF(General!$U$13:$U$19,S$12))),$I22,"") | T22: =IF(AND(T$12>=$E22,T$12<=$F22,MOD(T$12,7)>1,NOT(COUNTIF(General!$U$13:$U$19,T$12))),$I22,"") -> 1 | U22: =IF(AND(U$12>=$E22,U$12<=$F22,MOD(U$12,7)>1,NOT(COUNTIF(General!$U$13:$U$19,U$12))),$I22,"") -> 1 | V22: =IF(AND(V$12>=$E22,V$12<=$F22,MOD(V$12,7)>1,NOT(COUNTIF(General!$U$13:$U$19,V$12))),$I22,"") | W22: =IF(AND(W$12>=$E22,W$12<=$F22,MOD(W$12,7)>1,NOT(COUNTIF(General!$U$13:$U$19,W$12))),$I22,"") | X22: =IF(AND(X$12>=$E22,X$12<=$F22,MOD(X$12,7)>1,NOT(COUNTIF(General!$U$13:$U$19,X$12))),$I22,"") | ... FX22: =IF(AND(FX$12>=$E22,FX$12<=$F22,MOD(FX$12,7)>1,NOT(COUNTIF(General!$U$13:$U$19,FX$12))),$I22,"")
D23: QA | E23: 43805 | F23: =WORKDAY(E23,ROUNDUP(G23/I23,0),General!$U$13:$U$27)-1 -> 43807 | G23: =G22*0.4 -> 0.6 | I23: 1 | Q23: =IF(AND(Q$12>=$E23,Q$12<=$F23,MOD(Q$12,7)>1,NOT(COUNTIF(General!$U$13:$U$19,Q$12))),$I23,"") | R23: =IF(AND(R$12>=$E23,R$12<=$F23,MOD(R$12,7)>1,NOT(COUNTIF(General!$U$13:$U$19,R$12))),$I23,"") | S23: =IF(AND(S$12>=$E23,S$12<=$F23,MOD(S$12,7)>1,NOT(COUNTIF(General!$U$13:$U$19,S$12))),$I23,"") | T23: =IF(AND(T$12>=$E23,T$12<=$F23,MOD(T$12,7)>1,NOT(COUNTIF(General!$U$13:$U$19,T$12))),$I23,"") | U23: =IF(AND(U$12>=$E23,U$12<=$F23,MOD(U$12,7)>1,NOT(COUNTIF(General!$U$13:$U$19,U$12))),$I23,"") -> 1 | V23: =IF(AND(V$12>=$E23,V$12<=$F23,MOD(V$12,7)>1,NOT(COUNTIF(General!$U$13:$U$19,V$12))),$I23,"") | W23: =IF(AND(W$12>=$E23,W$12<=$F23,MOD(W$12,7)>1,NOT(COUNTIF(General!$U$13:$U$19,W$12))),$I23,"") | X23: =IF(AND(X$12>=$E23,X$12<=$F23,MOD(X$12,7)>1,NOT(COUNTIF(General!$U$13:$U$19,X$12))),$I23,"") | ... FX23: =IF(AND(FX$12>=$E23,FX$12<=$F23,MOD(FX$12,7)>1,NOT(COUNTIF(General!$U$13:$U$19,FX$12))),$I23,"")
A24: 389733 | B24: 設定画面上のカード登録機能 | D24: PG2 | E24: 43808 | F24: =WORKDAY(E24,ROUNDUP(G24/I24,0),General!$U$13:$U$27)-1 -> 43809 | G24: 2 | I24: 1 | Q24: =IF(AND(Q$12>=$E24,Q$12<=$F24,MOD(Q$12,7)>1,NOT(COUNTIF(General!$U$13:$U$19,Q$12))),$I24,"") | R24: =IF(AND(R$12>=$E24,R$12<=$F24,MOD(R$12,7)>1,NOT(COUNTIF(General!$U$13:$U$19,R$12))),$I24,"") | S24: =IF(AND(S$12>=$E24,S$12<=$F24,MOD(S$12,7)>1,NOT(COUNTIF(General!$U$13:$U$19,S$12))),$I24,"") | T24: =IF(AND(T$12>=$E24,T$12<=$F24,MOD(T$12,7)>1,NOT(COUNTIF(General!$U$13:$U$19,T$12))),$I24,"") | U24: =IF(AND(U$12>=$E24,U$12<=$F24,MOD(U$12,7)>1,NOT(COUNTIF(General!$U$13:$U$19,U$12))),$I24,"") | V24: =IF(AND(V$12>=$E24,V$12<=$F24,MOD(V$12,7)>1,NOT(COUNTIF(General!$U$13:$U$19,V$12))),$I24,"") | W24: =IF(AND(W$12>=$E24,W$12<=$F24,MOD(W$12,7)>1,NOT(COUNTIF(General!$U$13:$U$19,W$12))),$I24,"") | X24: =IF(AND(X$12>=$E24,X$12<=$F24,MOD(X$12,7)>1,NOT(COUNTIF(General!$U$13:$U$19,X$12))),$I24,"") -> 1 | ... FX24: =IF(AND(FX$12>=$E24,FX$12<=$F24,MOD(FX$12,7)>1,NOT(COUNTIF(General!$U$13:$U$19,FX$12))),$I24,"")
D25: QA | E25: 43809 | F25: =WORKDAY(E25,ROUNDUP(G25/I25,0),General!$U$13:$U$27)-1 -> 43809 | G25: =G24*0.4 -> 0.8 | I25: 1 | Q25: =IF(AND(Q$12>=$E25,Q$12<=$F25,MOD(Q$12,7)>1,NOT(COUNTIF(General!$U$13:$U$19,Q$12))),$I25,"") | R25: =IF(AND(R$12>=$E25,R$12<=$F25,MOD(R$12,7)>1,NOT(COUNTIF(General!$U$13:$U$19,R$12))),$I25,"") | S25: =IF(AND(S$12>=$E25,S$12<=$F25,MOD(S$12,7)>1,NOT(COUNTIF(General!$U$13:$U$19,S$12))),$I25,"") | T25: =IF(AND(T$12>=$E25,T$12<=$F25,MOD(T$12,7)>1,NOT(COUNTIF(General!$U$13:$U$19,T$12))),$I25,"") | U25: =IF(AND(U$12>=$E25,U$12<=$F25,MOD(U$12,7)>1,NOT(COUNTIF(General!$U$13:$U$19,U$12))),$I25,"") | V25: =IF(AND(V$12>=$E25,V$12<=$F25,MOD(V$12,7)>1,NOT(COUNTIF(General!$U$13:$U$19,V$12))),$I25,"") | W25: =IF(AND(W$12>=$E25,W$12<=$F25,MOD(W$12,7)>1,NOT(COUNTIF(General!$U$13:$U$19,W$12))),$I25,"") | X25: =IF(AND(X$12>=$E25,X$12<=$F25,MOD(X$12,7)>1,NOT(COUNTIF(General!$U$13:$U$19,X$12))),$I25,"") | ... FX25: =IF(AND(FX$12>=$E25,FX$12<=$F25,MOD(FX$12,7)>1,NOT(COUNTIF(General!$U$13:$U$19,FX$12))),$I25,"")
A26: 389736 | B26: 設定画面上のカード変更機能 | D26: PG2 | E26: 43810 | F26: =WORKDAY(E26,ROUNDUP(G26/I26,0),General!$U$13:$U$27)-1 -> 43811 | G26: 2 | I26: 1 | Q26: =IF(AND(Q$12>=$E26,Q$12<=$F26,MOD(Q$12,7)>1,NOT(COUNTIF(General!$U$13:$U$19,Q$12))),$I26,"") | R26: =IF(AND(R$12>=$E26,R$12<=$F26,MOD(R$12,7)>1,NOT(COUNTIF(General!$U$13:$U$19,R$12))),$I26,"") | S26: =IF(AND(S$12>=$E26,S$12<=$F26,MOD(S$12,7)>1,NOT(COUNTIF(General!$U$13:$U$19,S$12))),$I26,"") | T26: =IF(AND(T$12>=$E26,T$12<=$F26,MOD(T$12,7)>1,NOT(COUNTIF(General!$U$13:$U$19,T$12))),$I26,"") | U26: =IF(AND(U$12>=$E26,U$12<=$F26,MOD(U$12,7)>1,NOT(COUNTIF(General!$U$13:$U$19,U$12))),$I26,"") | V26: =IF(AND(V$12>=$E26,V$12<=$F26,MOD(V$12,7)>1,NOT(COUNTIF(General!$U$13:$U$19,V$12))),$I26,"") | W26: =IF(AND(W$12>=$E26,W$12<=$F26,MOD(W$12,7)>1,NOT(COUNTIF(General!$U$13:$U$19,W$12))),$I26,"") | X26: =IF(AND(X$12>=$E26,X$12<=$F26,MOD(X$12,7)>1,NOT(COUNTIF(General!$U$13:$U$19,X$12))),$I26,"") | ... FX26: =IF(AND(FX$12>=$E26,FX$12<=$F26,MOD(FX$12,7)>1,NOT(COUNTIF(General!$U$13:$U$19,FX$12))),$I26,"")
D27: QA | E27: 43811 | F27: =WORKDAY(E27,ROUNDUP(G27/I27,0),General!$U$13:$U$27)-1 -> 43811 | G27: =G26*0.4 -> 0.8 | I27: 1 | Q27: =IF(AND(Q$12>=$E27,Q$12<=$F27,MOD(Q$12,7)>1,NOT(COUNTIF(General!$U$13:$U$19,Q$12))),$I27,"") | R27: =IF(AND(R$12>=$E27,R$12<=$F27,MOD(R$12,7)>1,NOT(COUNTIF(General!$U$13:$U$19,R$12))),$I27,"") | S27: =IF(AND(S$12>=$E27,S$12<=$F27,MOD(S$12,7)>1,NOT(COUNTIF(General!$U$13:$U$19,S$12))),$I27,"") | T27: =IF(AND(T$12>=$E27,T$12<=$F27,MOD(T$12,7)>1,NOT(COUNTIF(General!$U$13:$U$19,T$12))),$I27,"") | U27: =IF(AND(U$12>=$E27,U$12<=$F27,MOD(U$12,7)>1,NOT(COUNTIF(General!$U$13:$U$19,U$12))),$I27,"") | V27: =IF(AND(V$12>=$E27,V$12<=$F27,MOD(V$12,7)>1,NOT(COUNTIF(General!$U$13:$U$19,V$12))),$I27,"") | W27: =IF(AND(W$12>=$E27,W$12<=$F27,MOD(W$12,7)>1,NOT(COUNTIF(General!$U$13:$U$19,W$12))),$I27,"") | X27: =IF(AND(X$12>=$E27,X$12<=$F27,MOD(X$12,7)>1,NOT(COUNTIF(General!$U$13:$U$19,X$12))),$I27,"") | ... FX27: =IF(AND(FX$12>=$E27,FX$12<=$F27,MOD(FX$12,7)>1,NOT(COUNTIF(General!$U$13:$U$19,FX$12))),$I27,"")
A28: 389739 | B28: 設定画面上のカード削除機能 | D28: PG2 | E28: 43812 | F28: =WORKDAY(E28,ROUNDUP(G28/I28,0),General!$U$13:$U$27)-1 -> 43814 | G28: 0.5 | I28: 1 | Q28: =IF(AND(Q$12>=$E28,Q$12<=$F28,MOD(Q$12,7)>1,NOT(COUNTIF(General!$U$13:$U$19,Q$12))),$I28,"") | R28: =IF(AND(R$12>=$E28,R$12<=$F28,MOD(R$12,7)>1,NOT(COUNTIF(General!$U$13:$U$19,R$12))),$I28,"") | S28: =IF(AND(S$12>=$E28,S$12<=$F28,MOD(S$12,7)>1,NOT(COUNTIF(General!$U$13:$U$19,S$12))),$I28,"") | T28: =IF(AND(T$12>=$E28,T$12<=$F28,MOD(T$12,7)>1,NOT(COUNTIF(General!$U$13:$U$19,T$12))),$I28,"") | U28: =IF(AND(U$12>=$E28,U$12<=$F28,MOD(U$12,7)>1,NOT(COUNTIF(General!$U$13:$U$19,U$12))),$I28,"") | V28: =IF(AND(V$12>=$E28,V$12<=$F28,MOD(V$12,7)>1,NOT(COUNTIF(General!$U$13:$U$19,V$12))),$I28,"") | W28: =IF(AND(W$12>=$E28,W$12<=$F28,MOD(W$12,7)>1,NOT(COUNTIF(General!$U$13:$U$19,W$12))),$I28,"") | X28: =IF(AND(X$12>=$E28,X$12<=$F28,MOD(X$12,7)>1,NOT(COUNTIF(General!$U$13:$U$19,X$12))),$I28,"") | ... FX28: =IF(AND(FX$12>=$E28,FX$12<=$F28,MOD(FX$12,7)>1,NOT(COUNTIF(General!$U$13:$U$19,FX$12))),$I28,"")
D29: QA | E29: 43815 | F29: =WORKDAY(E29,ROUNDUP(G29/I29,0),General!$U$13:$U$27)-1 -> 43815 | G29: =G28*0.4 -> 0.2 | I29: 1 | Q29: =IF(AND(Q$12>=$E29,Q$12<=$F29,MOD(Q$12,7)>1,NOT(COUNTIF(General!$U$13:$U$19,Q$12))),$I29,"") | R29: =IF(AND(R$12>=$E29,R$12<=$F29,MOD(R$12,7)>1,NOT(COUNTIF(General!$U$13:$U$19,R$12))),$I29,"") | S29: =IF(AND(S$12>=$E29,S$12<=$F29,MOD(S$12,7)>1,NOT(COUNTIF(General!$U$13:$U$19,S$12))),$I29,"") | T29: =IF(AND(T$12>=$E29,T$12<=$F29,MOD(T$12,7)>1,NOT(COUNTIF(General!$U$13:$U$19,T$12))),$I29,"") | U29: =IF(AND(U$12>=$E29,U$12<=$F29,MOD(U$12,7)>1,NOT(COUNTIF(General!$U$13:$U$19,U$12))),$I29,"") | V29: =IF(AND(V$12>=$E29,V$12<=$F29,MOD(V$12,7)>1,NOT(COUNTIF(General!$U$13:$U$19,V$12))),$I29,"") | W29: =IF(AND(W$12>=$E29,W$12<=$F29,MOD(W$12,7)>1,NOT(COUNTIF(General!$U$13:$U$19,W$12))),$I29,"") | X29: =IF(AND(X$12>=$E29,X$12<=$F29,MOD(X$12,7)>1,NOT(COUNTIF(General!$U$13:$U$19,X$12))),$I29,"") | ... FX29: =IF(AND(FX$12>=$E29,FX$12<=$F29,MOD(FX$12,7)>1,NOT(COUNTIF(General!$U$13:$U$19,FX$12))),$I29,"")
A30: 389712 | B30: 「recovery」画面画面からのsecret_key廃止 | D30: PG | E30: 43809 | F30: =WORKDAY(E30,ROUNDUP(G30/I30,0),General!$U$13:$U$27)-1 -> 43809 | G30: 1 | I30: 1 | Q30: =IF(AND(Q$12>=$E30,Q$12<=$F30,MOD(Q$12,7)>1,NOT(COUNTIF(General!$U$13:$U$19,Q$12))),$I30,"") | R30: =IF(AND(R$12>=$E30,R$12<=$F30,MOD(R$12,7)>1,NOT(COUNTIF(General!$U$13:$U$19,R$12))),$I30,"") | S30: =IF(AND(S$12>=$E30,S$12<=$F30,MOD(S$12,7)>1,NOT(COUNTIF(General!$U$13:$U$19,S$12))),$I30,"") | T30: =IF(AND(T$12>=$E30,T$12<=$F30,MOD(T$12,7)>1,NOT(COUNTIF(General!$U$13:$U$19,T$12))),$I30,"") | U30: =IF(AND(U$12>=$E30,U$12<=$F30,MOD(U$12,7)>1,NOT(COUNTIF(General!$U$13:$U$19,U$12))),$I30,"") | V30: =IF(AND(V$12>=$E30,V$12<=$F30,MOD(V$12,7)>1,NOT(COUNTIF(General!$U$13:$U$19,V$12))),$I30,"") | W30: =IF(AND(W$12>=$E30,W$12<=$F30,MOD(W$12,7)>1,NOT(COUNTIF(General!$U$13:$U$19,W$12))),$I30,"") | X30: =IF(AND(X$12>=$E30,X$12<=$F30,MOD(X$12,7)>1,NOT(COUNTIF(General!$U$13:$U$19,X$12))),$I30,"") | ... FX30: =IF(AND(FX$12>=$E30,FX$12<=$F30,MOD(FX$12,7)>1,NOT(COUNTIF(General!$U$13:$U$19,FX$12))),$I30,"")
D31: QA | E31: 43810 | F31: =WORKDAY(E31,ROUNDUP(G31/I31,0),General!$U$13:$U$27)-1 -> 43810 | G31: =G30*0.4 -> 0.4 | I31: 1 | Q31: =IF(AND(Q$12>=$E31,Q$12<=$F31,MOD(Q$12,7)>1,NOT(COUNTIF(General!$U$13:$U$19,Q$12))),$I31,"") | R31: =IF(AND(R$12>=$E31,R$12<=$F31,MOD(R$12,7)>1,NOT(COUNTIF(General!$U$13:$U$19,R$12))),$I31,"") | S31: =IF(AND(S$12>=$E31,S$12<=$F31,MOD(S$12,7)>1,NOT(COUNTIF(General!$U$13:$U$19,S$12))),$I31,"") | T31: =IF(AND(T$12>=$E31,T$12<=$F31,MOD(T$12,7)>1,NOT(COUNTIF(General!$U$13:$U$19,T$12))),$I31,"") | U31: =IF(AND(U$12>=$E31,U$12<=$F31,MOD(U$12,7)>1,NOT(COUNTIF(General!$U$13:$U$19,U$12))),$I31,"") | V31: =IF(AND(V$12>=$E31,V$12<=$F31,MOD(V$12,7)>1,NOT(COUNTIF(General!$U$13:$U$19,V$12))),$I31,"") | W31: =IF(AND(W$12>=$E31,W$12<=$F31,MOD(W$12,7)>1,NOT(COUNTIF(General!$U$13:$U$19,W$12))),$I31,"") | X31: =IF(AND(X$12>=$E31,X$12<=$F31,MOD(X$12,7)>1,NOT(COUNTIF(General!$U$13:$U$19,X$12))),$I31,"") | ... FX31: =IF(AND(FX$12>=$E31,FX$12<=$F31,MOD(FX$12,7)>1,NOT(COUNTIF(General!$U$13:$U$19,FX$12))),$I31,"")
A32: 389715 | B32: ファイル圧縮化処理からのsecret_key廃止 | D32: PG | E32: 43810 | F32: =WORKDAY(E32,ROUNDUP(G32/I32,0),General!$U$13:$U$27)-1 -> 43811 | G32: 1.5 | I32: 1 | Q32: =IF(AND(Q$12>=$E32,Q$12<=$F32,MOD(Q$12,7)>1,NOT(COUNTIF(General!$U$13:$U$19,Q$12))),$I32,"") | R32: =IF(AND(R$12>=$E32,R$12<=$F32,MOD(R$12,7)>1,NOT(COUNTIF(General!$U$13:$U$19,R$12))),$I32,"") | S32: =IF(AND(S$12>=$E32,S$12<=$F32,MOD(S$12,7)>1,NOT(COUNTIF(General!$U$13:$U$19,S$12))),$I32,"") | T32: =IF(AND(T$12>=$E32,T$12<=$F32,MOD(T$12,7)>1,NOT(COUNTIF(General!$U$13:$U$19,T$12))),$I32,"") | U32: =IF(AND(U$12>=$E32,U$12<=$F32,MOD(U$12,7)>1,NOT(COUNTIF(General!$U$13:$U$19,U$12))),$I32,"") | V32: =IF(AND(V$12>=$E32,V$12<=$F32,MOD(V$12,7)>1,NOT(COUNTIF(General!$U$13:$U$19,V$12))),$I32,"") | W32: =IF(AND(W$12>=$E32,W$12<=$F32,MOD(W$12,7)>1,NOT(COUNTIF(General!$U$13:$U$19,W$12))),$I32,"") | X32: =IF(AND(X$12>=$E32,X$12<=$F32,MOD(X$12,7)>1,NOT(COUNTIF(General!$U$13:$U$19,X$12))),$I32,"") | ... FX32: =IF(AND(FX$12>=$E32,FX$12<=$F32,MOD(FX$12,7)>1,NOT(COUNTIF(General!$U$13:$U$19,FX$12))),$I32,"")
D33: QA | E33: 43812 | F33: =WORKDAY(E33,ROUNDUP(G33/I33,0),General!$U$13:$U$27)-1 -> 43814 | G33: =G32*0.4 -> 0.6 | I33: 1 | Q33: =IF(AND(Q$12>=$E33,Q$12<=$F33,MOD(Q$12,7)>1,NOT(COUNTIF(General!$U$13:$U$19,Q$12))),$I33,"") | R33: =IF(AND(R$12>=$E33,R$12<=$F33,MOD(R$12,7)>1,NOT(COUNTIF(General!$U$13:$U$19,R$12))),$I33,"") | S33: =IF(AND(S$12>=$E33,S$12<=$F33,MOD(S$12,7)>1,NOT(COUNTIF(General!$U$13:$U$19,S$12))),$I33,"") | T33: =IF(AND(T$12>=$E33,T$12<=$F33,MOD(T$12,7)>1,NOT(COUNTIF(General!$U$13:$U$19,T$12))),$I33,"") | U33: =IF(AND(U$12>=$E33,U$12<=$F33,MOD(U$12,7)>1,NOT(COUNTIF(General!$U$13:$U$19,U$12))),$I33,"") | V33: =IF(AND(V$12>=$E33,V$12<=$F33,MOD(V$12,7)>1,NOT(COUNTIF(General!$U$13:$U$19,V$12))),$I33,"") | W33: =IF(AND(W$12>=$E33,W$12<=$F33,MOD(W$12,7)>1,NOT(COUNTIF(General!$U$13:$U$19,W$12))),$I33,"") | X33: =IF(AND(X$12>=$E33,X$12<=$F33,MOD(X$12,7)>1,NOT(COUNTIF(General!$U$13:$U$19,X$12))),$I33,"") | ... FX33: =IF(AND(FX$12>=$E33,FX$12<=$F33,MOD(FX$12,7)>1,NOT(COUNTIF(General!$U$13:$U$19,FX$12))),$I33,"")
A34: 389718 | B34: ファイルプッシュ処理からのsecret_key廃止 | D34: PG | E34: 43812 | F34: =WORKDAY(E34,ROUNDUP(G34/I34,0),General!$U$13:$U$27)-1 -> 43814 | G34: 1 | I34: 1 | Q34: =IF(AND(Q$12>=$E34,Q$12<=$F34,MOD(Q$12,7)>1,NOT(COUNTIF(General!$U$13:$U$19,Q$12))),$I34,"") | R34: =IF(AND(R$12>=$E34,R$12<=$F34,MOD(R$12,7)>1,NOT(COUNTIF(General!$U$13:$U$19,R$12))),$I34,"") | S34: =IF(AND(S$12>=$E34,S$12<=$F34,MOD(S$12,7)>1,NOT(COUNTIF(General!$U$13:$U$19,S$12))),$I34,"") | T34: =IF(AND(T$12>=$E34,T$12<=$F34,MOD(T$12,7)>1,NOT(COUNTIF(General!$U$13:$U$19,T$12))),$I34,"") | U34: =IF(AND(U$12>=$E34,U$12<=$F34,MOD(U$12,7)>1,NOT(COUNTIF(General!$U$13:$U$19,U$12))),$I34,"") | V34: =IF(AND(V$12>=$E34,V$12<=$F34,MOD(V$12,7)>1,NOT(COUNTIF(General!$U$13:$U$19,V$12))),$I34,"") | W34: =IF(AND(W$12>=$E34,W$12<=$F34,MOD(W$12,7)>1,NOT(COUNTIF(General!$U$13:$U$19,W$12))),$I34,"") | X34: =IF(AND(X$12>=$E34,X$12<=$F34,MOD(X$12,7)>1,NOT(COUNTIF(General!$U$13:$U$19,X$12))),$I34,"") | ... FX34: =IF(AND(FX$12>=$E34,FX$12<=$F34,MOD(FX$12,7)>1,NOT(COUNTIF(General!$U$13:$U$19,FX$12))),$I34,"")
D35: QA | E35: 43815 | F35: =WORKDAY(E35,ROUNDUP(G35/I35,0),General!$U$13:$U$27)-1 -> 43815 | G35: =G34*0.4 -> 0.4 | I35: 1 | Q35: =IF(AND(Q$12>=$E35,Q$12<=$F35,MOD(Q$12,7)>1,NOT(COUNTIF(General!$U$13:$U$19,Q$12))),$I35,"") | R35: =IF(AND(R$12>=$E35,R$12<=$F35,MOD(R$12,7)>1,NOT(COUNTIF(General!$U$13:$U$19,R$12))),$I35,"") | S35: =IF(AND(S$12>=$E35,S$12<=$F35,MOD(S$12,7)>1,NOT(COUNTIF(General!$U$13:$U$19,S$12))),$I35,"") | T35: =IF(AND(T$12>=$E35,T$12<=$F35,MOD(T$12,7)>1,NOT(COUNTIF(General!$U$13:$U$19,T$12))),$I35,"") | U35: =IF(AND(U$12>=$E35,U$12<=$F35,MOD(U$12,7)>1,NOT(COUNTIF(General!$U$13:$U$19,U$12))),$I35,"") | V35: =IF(AND(V$12>=$E35,V$12<=$F35,MOD(V$12,7)>1,NOT(COUNTIF(General!$U$13:$U$19,V$12))),$I35,"") | W35: =IF(AND(W$12>=$E35,W$12<=$F35,MOD(W$12,7)>1,NOT(COUNTIF(General!$U$13:$U$19,W$12))),$I35,"") | X35: =IF(AND(X$12>=$E35,X$12<=$F35,MOD(X$12,7)>1,NOT(COUNTIF(General!$U$13:$U$19,X$12))),$I35,"") | ... FX35: =IF(AND(FX$12>=$E35,FX$12<=$F35,MOD(FX$12,7)>1,NOT(COUNTIF(General!$U$13:$U$19,FX$12))),$I35,"")
A36: 389721 | B36: カード保存処理実装 | D36: PG | E36: 43815 | F36: =WORKDAY(E36,ROUNDUP(G36/I36,0),General!$U$13:$U$27)-1 -> 43817 | G36: 3 | I36: 1 | Q36: =IF(AND(Q$12>=$E36,Q$12<=$F36,MOD(Q$12,7)>1,NOT(COUNTIF(General!$U$13:$U$19,Q$12))),$I36,"") | R36: =IF(AND(R$12>=$E36,R$12<=$F36,MOD(R$12,7)>1,NOT(COUNTIF(General!$U$13:$U$19,R$12))),$I36,"") | S36: =IF(AND(S$12>=$E36,S$12<=$F36,MOD(S$12,7)>1,NOT(COUNTIF(General!$U$13:$U$19,S$12))),$I36,"") | T36: =IF(AND(T$12>=$E36,T$12<=$F36,MOD(T$12,7)>1,NOT(COUNTIF(General!$U$13:$U$19,T$12))),$I36,"") | U36: =IF(AND(U$12>=$E36,U$12<=$F36,MOD(U$12,7)>1,NOT(COUNTIF(General!$U$13:$U$19,U$12))),$I36,"") | V36: =IF(AND(V$12>=$E36,V$12<=$F36,MOD(V$12,7)>1,NOT(COUNTIF(General!$U$13:$U$19,V$12))),$I36,"") | W36: =IF(AND(W$12>=$E36,W$12<=$F36,MOD(W$12,7)>1,NOT(COUNTIF(General!$U$13:$U$19,W$12))),$I36,"") | X36: =IF(AND(X$12>=$E36,X$12<=$F36,MOD(X$12,7)>1,NOT(COUNTIF(General!$U$13:$U$19,X$12))),$I36,"") | ... FX36: =IF(AND(FX$12>=$E36,FX$12<=$F36,MOD(FX$12,7)>1,NOT(COUNTIF(General!$U$13:$U$19,FX$12))),$I36,"")
D37: QA | E37: 43817 | F37: =WORKDAY(E37,ROUNDUP(G37/I37,0),General!$U$13:$U$27)-1 -> 43818 | G37: =G36*0.4 -> 1.2 | I37: 1 | Q37: =IF(AND(Q$12>=$E37,Q$12<=$F37,MOD(Q$12,7)>1,NOT(COUNTIF(General!$U$13:$U$19,Q$12))),$I37,"") | R37: =IF(AND(R$12>=$E37,R$12<=$F37,MOD(R$12,7)>1,NOT(COUNTIF(General!$U$13:$U$19,R$12))),$I37,"") | S37: =IF(AND(S$12>=$E37,S$12<=$F37,MOD(S$12,7)>1,NOT(COUNTIF(General!$U$13:$U$19,S$12))),$I37,"") | T37: =IF(AND(T$12>=$E37,T$12<=$F37,MOD(T$12,7)>1,NOT(COUNTIF(General!$U$13:$U$19,T$12))),$I37,"") | U37: =IF(AND(U$12>=$E37,U$12<=$F37,MOD(U$12,7)>1,NOT(COUNTIF(General!$U$13:$U$19,U$12))),$I37,"") | V37: =IF(AND(V$12>=$E37,V$12<=$F37,MOD(V$12,7)>1,NOT(COUNTIF(General!$U$13:$U$19,V$12))),$I37,"") | W37: =IF(AND(W$12>=$E37,W$12<=$F37,MOD(W$12,7)>1,NOT(COUNTIF(General!$U$13:$U$19,W$12))),$I37,"") | X37: =IF(AND(X$12>=$E37,X$12<=$F37,MOD(X$12,7)>1,NOT(COUNTIF(General!$U$13:$U$19,X$12))),$I37,"") | ... FX37: =IF(AND(FX$12>=$E37,FX$12<=$F37,MOD(FX$12,7)>1,NOT(COUNTIF(General!$U$13:$U$19,FX$12))),$I37,"")
A38: 389727 | B38: CSVファイルへの出力 | D38: PG | E38: 43818 | F38: =WORKDAY(E38,ROUNDUP(G38/I38,0),General!$U$13:$U$27)-1 -> 43818 | G38: 1 | I38: 1 | Q38: =IF(AND(Q$12>=$E38,Q$12<=$F38,MOD(Q$12,7)>1,NOT(COUNTIF(General!$U$13:$U$19,Q$12))),$I38,"") | R38: =IF(AND(R$12>=$E38,R$12<=$F38,MOD(R$12,7)>1,NOT(COUNTIF(General!$U$13:$U$19,R$12))),$I38,"") | S38: =IF(AND(S$12>=$E38,S$12<=$F38,MOD(S$12,7)>1,NOT(COUNTIF(General!$U$13:$U$19,S$12))),$I38,"") | T38: =IF(AND(T$12>=$E38,T$12<=$F38,MOD(T$12,7)>1,NOT(COUNTIF(General!$U$13:$U$19,T$12))),$I38,"") | U38: =IF(AND(U$12>=$E38,U$12<=$F38,MOD(U$12,7)>1,NOT(COUNTIF(General!$U$13:$U$19,U$12))),$I38,"") | V38: =IF(AND(V$12>=$E38,V$12<=$F38,MOD(V$12,7)>1,NOT(COUNTIF(General!$U$13:$U$19,V$12))),$I38,"") | W38: =IF(AND(W$12>=$E38,W$12<=$F38,MOD(W$12,7)>1,NOT(COUNTIF(General!$U$13:$U$19,W$12))),$I38,"") | X38: =IF(AND(X$12>=$E38,X$12<=$F38,MOD(X$12,7)>1,NOT(COUNTIF(General!$U$13:$U$19,X$12))),$I38,"") | ... FX38: =IF(AND(FX$12>=$E38,FX$12<=$F38,MOD(FX$12,7)>1,NOT(COUNTIF(General!$U$13:$U$19,FX$12))),$I38,"")
D39: QA | E39: 43819 | F39: =WORKDAY(E39,ROUNDUP(G39/I39,0),General!$U$13:$U$27)-1 -> 43821 | G39: =G38*0.4 -> 0.4 | I39: 1 | Q39: =IF(AND(Q$12>=$E39,Q$12<=$F39,MOD(Q$12,7)>1,NOT(COUNTIF(General!$U$13:$U$19,Q$12))),$I39,"") | R39: =IF(AND(R$12>=$E39,R$12<=$F39,MOD(R$12,7)>1,NOT(COUNTIF(General!$U$13:$U$19,R$12))),$I39,"") | S39: =IF(AND(S$12>=$E39,S$12<=$F39,MOD(S$12,7)>1,NOT(COUNTIF(General!$U$13:$U$19,S$12))),$I39,"") | T39: =IF(AND(T$12>=$E39,T$12<=$F39,MOD(T$12,7)>1,NOT(COUNTIF(General!$U$13:$U$19,T$12))),$I39,"") | U39: =IF(AND(U$12>=$E39,U$12<=$F39,MOD(U$12,7)>1,NOT(COUNTIF(General!$U$13:$U$19,U$12))),$I39,"") | V39: =IF(AND(V$12>=$E39,V$12<=$F39,MOD(V$12,7)>1,NOT(COUNTIF(General!$U$13:$U$19,V$12))),$I39,"") | W39: =IF(AND(W$12>=$E39,W$12<=$F39,MOD(W$12,7)>1,NOT(COUNTIF(General!$U$13:$U$19,W$12))),$I39,"") | X39: =IF(AND(X$12>=$E39,X$12<=$F39,MOD(X$12,7)>1,NOT(COUNTIF(General!$U$13:$U$19,X$12))),$I39,"") | ... FX39: =IF(AND(FX$12>=$E39,FX$12<=$F39,MOD(FX$12,7)>1,NOT(COUNTIF(General!$U$13:$U$19,FX$12))),$I39,"")
A40: 389730 | B40: DMNO及び一意キーの採番 | D40: PG | E40: 43819 | F40: =WORKDAY(E40,ROUNDUP(G40/I40,0),General!$U$13:$U$27)-1 -> 43821 | G40: 1 | I40: 1 | Q40: =IF(AND(Q$12>=$E40,Q$12<=$F40,MOD(Q$12,7)>1,NOT(COUNTIF(General!$U$13:$U$19,Q$12))),$I40,"") | R40: =IF(AND(R$12>=$E40,R$12<=$F40,MOD(R$12,7)>1,NOT(COUNTIF(General!$U$13:$U$19,R$12))),$I40,"") | S40: =IF(AND(S$12>=$E40,S$12<=$F40,MOD(S$12,7)>1,NOT(COUNTIF(General!$U$13:$U$19,S$12))),$I40,"") | T40: =IF(AND(T$12>=$E40,T$12<=$F40,MOD(T$12,7)>1,NOT(COUNTIF(General!$U$13:$U$19,T$12))),$I40,"") | U40: =IF(AND(U$12>=$E40,U$12<=$F40,MOD(U$12,7)>1,NOT(COUNTIF(General!$U$13:$U$19,U$12))),$I40,"") | V40: =IF(AND(V$12>=$E40,V$12<=$F40,MOD(V$12,7)>1,NOT(COUNTIF(General!$U$13:$U$19,V$12))),$I40,"") | W40: =IF(AND(W$12>=$E40,W$12<=$F40,MOD(W$12,7)>1,NOT(COUNTIF(General!$U$13:$U$19,W$12))),$I40,"") | X40: =IF(AND(X$12>=$E40,X$12<=$F40,MOD(X$12,7)>1,NOT(COUNTIF(General!$U$13:$U$19,X$12))),$I40,"") | ... FX40: =IF(AND(FX$12>=$E40,FX$12<=$F40,MOD(FX$12,7)>1,NOT(COUNTIF(General!$U$13:$U$19,FX$12))),$I40,"")
D41: QA | E41: 43819 | F41: =WORKDAY(E41,ROUNDUP(G41/I41,0),General!$U$13:$U$27)-1 -> 43821 | G41: =G40*0.4 -> 0.4 | I41: 1 | Q41: =IF(AND(Q$12>=$E41,Q$12<=$F41,MOD(Q$12,7)>1,NOT(COUNTIF(General!$U$13:$U$19,Q$12))),$I41,"") | R41: =IF(AND(R$12>=$E41,R$12<=$F41,MOD(R$12,7)>1,NOT(COUNTIF(General!$U$13:$U$19,R$12))),$I41,"") | S41: =IF(AND(S$12>=$E41,S$12<=$F41,MOD(S$12,7)>1,NOT(COUNTIF(General!$U$13:$U$19,S$12))),$I41,"") | T41: =IF(AND(T$12>=$E41,T$12<=$F41,MOD(T$12,7)>1,NOT(COUNTIF(General!$U$13:$U$19,T$12))),$I41,"") | U41: =IF(AND(U$12>=$E41,U$12<=$F41,MOD(U$12,7)>1,NOT(COUNTIF(General!$U$13:$U$19,U$12))),$I41,"") | V41: =IF(AND(V$12>=$E41,V$12<=$F41,MOD(V$12,7)>1,NOT(COUNTIF(General!$U$13:$U$19,V$12))),$I41,"") | W41: =IF(AND(W$12>=$E41,W$12<=$F41,MOD(W$12,7)>1,NOT(COUNTIF(General!$U$13:$U$19,W$12))),$I41,"") | X41: =IF(AND(X$12>=$E41,X$12<=$F41,MOD(X$12,7)>1,NOT(COUNTIF(General!$U$13:$U$19,X$12))),$I41,"") | ... FX41: =IF(AND(FX$12>=$E41,FX$12<=$F41,MOD(FX$12,7)>1,NOT(COUNTIF(General!$U$13:$U$19,FX$12))),$I41,"")
A42: 389742 | B42: サーバーの構築・設定 | D42: PG2 | E42: 43815 | F42: =WORKDAY(E42,ROUNDUP(G42/I42,0),General!$U$13:$U$27)-1 -> 43816 | G42: 2 | I42: 1 | Q42: =IF(AND(Q$12>=$E42,Q$12<=$F42,MOD(Q$12,7)>1,NOT(COUNTIF(General!$U$13:$U$19,Q$12))),$I42,"") | R42: =IF(AND(R$12>=$E42,R$12<=$F42,MOD(R$12,7)>1,NOT(COUNTIF(General!$U$13:$U$19,R$12))),$I42,"") | S42: =IF(AND(S$12>=$E42,S$12<=$F42,MOD(S$12,7)>1,NOT(COUNTIF(General!$U$13:$U$19,S$12))),$I42,"") | T42: =IF(AND(T$12>=$E42,T$12<=$F42,MOD(T$12,7)>1,NOT(COUNTIF(General!$U$13:$U$19,T$12))),$I42,"") | U42: =IF(AND(U$12>=$E42,U$12<=$F42,MOD(U$12,7)>1,NOT(COUNTIF(General!$U$13:$U$19,U$12))),$I42,"") | V42: =IF(AND(V$12>=$E42,V$12<=$F42,MOD(V$12,7)>1,NOT(COUNTIF(General!$U$13:$U$19,V$12))),$I42,"") | W42: =IF(AND(W$12>=$E42,W$12<=$F42,MOD(W$12,7)>1,NOT(COUNTIF(General!$U$13:$U$19,W$12))),$I42,"") | X42: =IF(AND(X$12>=$E42,X$12<=$F42,MOD(X$12,7)>1,NOT(COUNTIF(General!$U$13:$U$19,X$12))),$I42,"") | ... FX42: =IF(AND(FX$12>=$E42,FX$12<=$F42,MOD(FX$12,7)>1,NOT(COUNTIF(General!$U$13:$U$19,FX$12))),$I42,"")
D43: QA | E43: 43822 | F43: =WORKDAY(E43,ROUNDUP(G43/I43,0),General!$U$13:$U$27)-1 -> 43822 | G43: =G42*0.4 -> 0.8 | I43: 1 | Q43: =IF(AND(Q$12>=$E43,Q$12<=$F43,MOD(Q$12,7)>1,NOT(COUNTIF(General!$U$13:$U$19,Q$12))),$I43,"") | R43: =IF(AND(R$12>=$E43,R$12<=$F43,MOD(R$12,7)>1,NOT(COUNTIF(General!$U$13:$U$19,R$12))),$I43,"") | S43: =IF(AND(S$12>=$E43,S$12<=$F43,MOD(S$12,7)>1,NOT(COUNTIF(General!$U$13:$U$19,S$12))),$I43,"") | T43: =IF(AND(T$12>=$E43,T$12<=$F43,MOD(T$12,7)>1,NOT(COUNTIF(General!$U$13:$U$19,T$12))),$I43,"") | U43: =IF(AND(U$12>=$E43,U$12<=$F43,MOD(U$12,7)>1,NOT(COUNTIF(General!$U$13:$U$19,U$12))),$I43,"") | V43: =IF(AND(V$12>=$E43,V$12<=$F43,MOD(V$12,7)>1,NOT(COUNTIF(General!$U$13:$U$19,V$12))),$I43,"") | W43: =IF(AND(W$12>=$E43,W$12<=$F43,MOD(W$12,7)>1,NOT(COUNTIF(General!$U$13:$U$19,W$12))),$I43,"") | X43: =IF(AND(X$12>=$E43,X$12<=$F43,MOD(X$12,7)>1,NOT(COUNTIF(General!$U$13:$U$19,X$12))),$I43,"") | ... FX43: =IF(AND(FX$12>=$E43,FX$12<=$F43,MOD(FX$12,7)>1,NOT(COUNTIF(General!$U$13:$U$19,FX$12))),$I43,"")
A44: 389748 | B44: Jmeterでの負荷試験 | D44: PG2 | E44: 43822 | F44: =WORKDAY(E44,ROUNDUP(G44/I44,0),General!$U$13:$U$27)-1 -> 43823 | G44: 2 | I44: 1 | Q44: =IF(AND(Q$12>=$E44,Q$12<=$F44,MOD(Q$12,7)>1,NOT(COUNTIF(General!$U$13:$U$19,Q$12))),$I44,"") | R44: =IF(AND(R$12>=$E44,R$12<=$F44,MOD(R$12,7)>1,NOT(COUNTIF(General!$U$13:$U$19,R$12))),$I44,"") | S44: =IF(AND(S$12>=$E44,S$12<=$F44,MOD(S$12,7)>1,NOT(COUNTIF(General!$U$13:$U$19,S$12))),$I44,"") | T44: =IF(AND(T$12>=$E44,T$12<=$F44,MOD(T$12,7)>1,NOT(COUNTIF(General!$U$13:$U$19,T$12))),$I44,"") | U44: =IF(AND(U$12>=$E44,U$12<=$F44,MOD(U$12,7)>1,NOT(COUNTIF(General!$U$13:$U$19,U$12))),$I44,"") | V44: =IF(AND(V$12>=$E44,V$12<=$F44,MOD(V$12,7)>1,NOT(COUNTIF(General!$U$13:$U$19,V$12))),$I44,"") | W44: =IF(AND(W$12>=$E44,W$12<=$F44,MOD(W$12,7)>1,NOT(COUNTIF(General!$U$13:$U$19,W$12))),$I44,"") | X44: =IF(AND(X$12>=$E44,X$12<=$F44,MOD(X$12,7)>1,NOT(COUNTIF(General!$U$13:$U$19,X$12))),$I44,"") | ... FX44: =IF(AND(FX$12>=$E44,FX$12<=$F44,MOD(FX$12,7)>1,NOT(COUNTIF(General!$U$13:$U$19,FX$12))),$I44,"")
D45: QA | E45: 43823 | F45: =WORKDAY(E45,ROUNDUP(G45/I45,0),General!$U$13:$U$27)-1 -> 43823 | G45: =G44*0.4 -> 0.8 | I45: 1 | Q45: =IF(AND(Q$12>=$E45,Q$12<=$F45,MOD(Q$12,7)>1,NOT(COUNTIF(General!$U$13:$U$19,Q$12))),$I45,"") | R45: =IF(AND(R$12>=$E45,R$12<=$F45,MOD(R$12,7)>1,NOT(COUNTIF(General!$U$13:$U$19,R$12))),$I45,"") | S45: =IF(AND(S$12>=$E45,S$12<=$F45,MOD(S$12,7)>1,NOT(COUNTIF(General!$U$13:$U$19,S$12))),$I45,"") | T45: =IF(AND(T$12>=$E45,T$12<=$F45,MOD(T$12,7)>1,NOT(COUNTIF(General!$U$13:$U$19,T$12))),$I45,"") | U45: =IF(AND(U$12>=$E45,U$12<=$F45,MOD(U$12,7)>1,NOT(COUNTIF(General!$U$13:$U$19,U$12))),$I45,"") | V45: =IF(AND(V$12>=$E45,V$12<=$F45,MOD(V$12,7)>1,NOT(COUNTIF(General!$U$13:$U$19,V$12))),$I45,"") | W45: =IF(AND(W$12>=$E45,W$12<=$F45,MOD(W$12,7)>1,NOT(COUNTIF(General!$U$13:$U$19,W$12))),$I45,"") | X45: =IF(AND(X$12>=$E45,X$12<=$F45,MOD(X$12,7)>1,NOT(COUNTIF(General!$U$13:$U$19,X$12))),$I45,"") | ... FX45: =IF(AND(FX$12>=$E45,FX$12<=$F45,MOD(FX$12,7)>1,NOT(COUNTIF(General!$U$13:$U$19,FX$12))),$I45,"")
B46: UAT・UATフィードバック対応 | D46: PG2 | E46: 43824 | F46: =WORKDAY(E46,ROUNDUP(G46/I46,0),General!$U$13:$U$27)-1 -> 43828 | G46: 3 | I46: 1 | Q46: =IF(AND(Q$12>=$E46,Q$12<=$F46,MOD(Q$12,7)>1,NOT(COUNTIF(General!$U$13:$U$19,Q$12))),$I46,"") | R46: =IF(AND(R$12>=$E46,R$12<=$F46,MOD(R$12,7)>1,NOT(COUNTIF(General!$U$13:$U$19,R$12))),$I46,"") | S46: =IF(AND(S$12>=$E46,S$12<=$F46,MOD(S$12,7)>1,NOT(COUNTIF(General!$U$13:$U$19,S$12))),$I46,"") | T46: =IF(AND(T$12>=$E46,T$12<=$F46,MOD(T$12,7)>1,NOT(COUNTIF(General!$U$13:$U$19,T$12))),$I46,"") | U46: =IF(AND(U$12>=$E46,U$12<=$F46,MOD(U$12,7)>1,NOT(COUNTIF(General!$U$13:$U$19,U$12))),$I46,"") | V46: =IF(AND(V$12>=$E46,V$12<=$F46,MOD(V$12,7)>1,NOT(COUNTIF(General!$U$13:$U$19,V$12))),$I46,"") | W46: =IF(AND(W$12>=$E46,W$12<=$F46,MOD(W$12,7)>1,NOT(COUNTIF(General!$U$13:$U$19,W$12))),$I46,"") | X46: =IF(AND(X$12>=$E46,X$12<=$F46,MOD(X$12,7)>1,NOT(COUNTIF(General!$U$13:$U$19,X$12))),$I46,"") | ... FX46: =IF(AND(FX$12>=$E46,FX$12<=$F46,MOD(FX$12,7)>1,NOT(COUNTIF(General!$U$13:$U$19,FX$12))),$I46,"")
B47: UAT・UATフィードバック対応 | D47: PG | E47: 43822 | F47: =WORKDAY(E47,ROUNDUP(G47/I47,0),General!$U$13:$U$27)-1 -> 43828 | G47: 5 | I47: 1 | Q47: =IF(AND(Q$12>=$E47,Q$12<=$F47,MOD(Q$12,7)>1,NOT(COUNTIF(General!$U$13:$U$19,Q$12))),$I47,"") | R47: =IF(AND(R$12>=$E47,R$12<=$F47,MOD(R$12,7)>1,NOT(COUNTIF(General!$U$13:$U$19,R$12))),$I47,"") | S47: =IF(AND(S$12>=$E47,S$12<=$F47,MOD(S$12,7)>1,NOT(COUNTIF(General!$U$13:$U$19,S$12))),$I47,"") | T47: =IF(AND(T$12>=$E47,T$12<=$F47,MOD(T$12,7)>1,NOT(COUNTIF(General!$U$13:$U$19,T$12))),$I47,"") | U47: =IF(AND(U$12>=$E47,U$12<=$F47,MOD(U$12,7)>1,NOT(COUNTIF(General!$U$13:$U$19,U$12))),$I47,"") | V47: =IF(AND(V$12>=$E47,V$12<=$F47,MOD(V$12,7)>1,NOT(COUNTIF(General!$U$13:$U$19,V$12))),$I47,"") | W47: =IF(AND(W$12>=$E47,W$12<=$F47,MOD(W$12,7)>1,NOT(COUNTIF(General!$U$13:$U$19,W$12))),$I47,"") | X47: =IF(AND(X$12>=$E47,X$12<=$F47,MOD(X$12,7)>1,NOT(COUNTIF(General!$U$13:$U$19,X$12))),$I47,"") | ... FX47: =IF(AND(FX$12>=$E47,FX$12<=$F47,MOD(FX$12,7)>1,NOT(COUNTIF(General!$U$13:$U$19,FX$12))),$I47,"")
B48: UAT・UATフィードバック対応 | D48: QA | E48: 43824 | F48: =WORKDAY(E48,ROUNDUP(G48/I48,0),General!$U$13:$U$27)-1 -> 43828 | G48: 3 | I48: 1 | Q48: =IF(AND(Q$12>=$E48,Q$12<=$F48,MOD(Q$12,7)>1,NOT(COUNTIF(General!$U$13:$U$19,Q$12))),$I48,"") | R48: =IF(AND(R$12>=$E48,R$12<=$F48,MOD(R$12,7)>1,NOT(COUNTIF(General!$U$13:$U$19,R$12))),$I48,"") | S48: =IF(AND(S$12>=$E48,S$12<=$F48,MOD(S$12,7)>1,NOT(COUNTIF(General!$U$13:$U$19,S$12))),$I48,"") | T48: =IF(AND(T$12>=$E48,T$12<=$F48,MOD(T$12,7)>1,NOT(COUNTIF(General!$U$13:$U$19,T$12))),$I48,"") | U48: =IF(AND(U$12>=$E48,U$12<=$F48,MOD(U$12,7)>1,NOT(COUNTIF(General!$U$13:$U$19,U$12))),$I48,"") | V48: =IF(AND(V$12>=$E48,V$12<=$F48,MOD(V$12,7)>1,NOT(COUNTIF(General!$U$13:$U$19,V$12))),$I48,"") | W48: =IF(AND(W$12>=$E48,W$12<=$F48,MOD(W$12,7)>1,NOT(COUNTIF(General!$U$13:$U$19,W$12))),$I48,"") | X48: =IF(AND(X$12>=$E48,X$12<=$F48,MOD(X$12,7)>1,NOT(COUNTIF(General!$U$13:$U$19,X$12))),$I48,"") | ... FX48: =IF(AND(FX$12>=$E48,FX$12<=$F48,MOD(FX$12,7)>1,NOT(COUNTIF(General!$U$13:$U$19,FX$12))),$I48,"")
B49: リリース準備 | D49: PG | E49: 43829 | F49: =WORKDAY(E49,ROUNDUP(G49/I49,0),General!$U$13:$U$27)-1 -> 43830 | G49: 2 | I49: 1 | Q49: =IF(AND(Q$12>=$E49,Q$12<=$F49,MOD(Q$12,7)>1,NOT(COUNTIF(General!$U$13:$U$19,Q$12))),$I49,"") | R49: =IF(AND(R$12>=$E49,R$12<=$F49,MOD(R$12,7)>1,NOT(COUNTIF(General!$U$13:$U$19,R$12))),$I49,"") | S49: =IF(AND(S$12>=$E49,S$12<=$F49,MOD(S$12,7)>1,NOT(COUNTIF(General!$U$13:$U$19,S$12))),$I49,"") | T49: =IF(AND(T$12>=$E49,T$12<=$F49,MOD(T$12,7)>1,NOT(COUNTIF(General!$U$13:$U$19,T$12))),$I49,"") | U49: =IF(AND(U$12>=$E49,U$12<=$F49,MOD(U$12,7)>1,NOT(COUNTIF(General!$U$13:$U$19,U$12))),$I49,"") | V49: =IF(AND(V$12>=$E49,V$12<=$F49,MOD(V$12,7)>1,NOT(COUNTIF(General!$U$13:$U$19,V$12))),$I49,"") | W49: =IF(AND(W$12>=$E49,W$12<=$F49,MOD(W$12,7)>1,NOT(COUNTIF(General!$U$13:$U$19,W$12))),$I49,"") | X49: =IF(AND(X$12>=$E49,X$12<=$F49,MOD(X$12,7)>1,NOT(COUNTIF(General!$U$13:$U$19,X$12))),$I49,"") | ... FX49: =IF(AND(FX$12>=$E49,FX$12<=$F49,MOD(FX$12,7)>1,NOT(COUNTIF(General!$U$13:$U$19,FX$12))),$I49,"")
B50: リリース準備 | D50: PG2 | E50: 43829 | F50: =WORKDAY(E50,ROUNDUP(G50/I50,0),General!$U$13:$U$27)-1 -> 43830 | G50: 2 | I50: 1 | Q50: =IF(AND(Q$12>=$E50,Q$12<=$F50,MOD(Q$12,7)>1,NOT(COUNTIF(General!$U$13:$U$19,Q$12))),$I50,"") | R50: =IF(AND(R$12>=$E50,R$12<=$F50,MOD(R$12,7)>1,NOT(COUNTIF(General!$U$13:$U$19,R$12))),$I50,"") | S50: =IF(AND(S$12>=$E50,S$12<=$F50,MOD(S$12,7)>1,NOT(COUNTIF(General!$U$13:$U$19,S$12))),$I50,"") | T50: =IF(AND(T$12>=$E50,T$12<=$F50,MOD(T$12,7)>1,NOT(COUNTIF(General!$U$13:$U$19,T$12))),$I50,"") | U50: =IF(AND(U$12>=$E50,U$12<=$F50,MOD(U$12,7)>1,NOT(COUNTIF(General!$U$13:$U$19,U$12))),$I50,"") | V50: =IF(AND(V$12>=$E50,V$12<=$F50,MOD(V$12,7)>1,NOT(COUNTIF(General!$U$13:$U$19,V$12))),$I50,"") | W50: =IF(AND(W$12>=$E50,W$12<=$F50,MOD(W$12,7)>1,NOT(COUNTIF(General!$U$13:$U$19,W$12))),$I50,"") | X50: =IF(AND(X$12>=$E50,X$12<=$F50,MOD(X$12,7)>1,NOT(COUNTIF(General!$U$13:$U$19,X$12))),$I50,"") | ... FX50: =IF(AND(FX$12>=$E50,FX$12<=$F50,MOD(FX$12,7)>1,NOT(COUNTIF(General!$U$13:$U$19,FX$12))),$I50,"")
B51: リリース準備 | D51: QA | E51: 43829 | F51: =WORKDAY(E51,ROUNDUP(G51/I51,0),General!$U$13:$U$27)-1 -> 43830 | G51: 2 | I51: 1 | Q51: =IF(AND(Q$12>=$E51,Q$12<=$F51,MOD(Q$12,7)>1,NOT(COUNTIF(General!$U$13:$U$19,Q$12))),$I51,"") | R51: =IF(AND(R$12>=$E51,R$12<=$F51,MOD(R$12,7)>1,NOT(COUNTIF(General!$U$13:$U$19,R$12))),$I51,"") | S51: =IF(AND(S$12>=$E51,S$12<=$F51,MOD(S$12,7)>1,NOT(COUNTIF(General!$U$13:$U$19,S$12))),$I51,"") | T51: =IF(AND(T$12>=$E51,T$12<=$F51,MOD(T$12,7)>1,NOT(COUNTIF(General!$U$13:$U$19,T$12))),$I51,"") | U51: =IF(AND(U$12>=$E51,U$12<=$F51,MOD(U$12,7)>1,NOT(COUNTIF(General!$U$13:$U$19,U$12))),$I51,"") | V51: =IF(AND(V$12>=$E51,V$12<=$F51,MOD(V$12,7)>1,NOT(COUNTIF(General!$U$13:$U$19,V$12))),$I51,"") | W51: =IF(AND(W$12>=$E51,W$12<=$F51,MOD(W$12,7)>1,NOT(COUNTIF(General!$U$13:$U$19,W$12))),$I51,"") | X51: =IF(AND(X$12>=$E51,X$12<=$F51,MOD(X$12,7)>1,NOT(COUNTIF(General!$U$13:$U$19,X$12))),$I51,"") | ... FX51: =IF(AND(FX$12>=$E51,FX$12<=$F51,MOD(FX$12,7)>1,NOT(COUNTIF(General!$U$13:$U$19,FX$12))),$I51,"")
A52: 390894 | B52: サイト2用のS3フォルダ分け | I52: 1 | Q52: =IF(AND(Q$12>=$E52,Q$12<=$F52,MOD(Q$12,7)>1,NOT(COUNTIF(General!$U$13:$U$19,Q$12))),$I52,"") | R52: =IF(AND(R$12>=$E52,R$12<=$F52,MOD(R$12,7)>1,NOT(COUNTIF(General!$U$13:$U$19,R$12))),$I52,"") | S52: =IF(AND(S$12>=$E52,S$12<=$F52,MOD(S$12,7)>1,NOT(COUNTIF(General!$U$13:$U$19,S$12))),$I52,"") | T52: =IF(AND(T$12>=$E52,T$12<=$F52,MOD(T$12,7)>1,NOT(COUNTIF(General!$U$13:$U$19,T$12))),$I52,"") | U52: =IF(AND(U$12>=$E52,U$12<=$F52,MOD(U$12,7)>1,NOT(COUNTIF(General!$U$13:$U$19,U$12))),$I52,"") | V52: =IF(AND(V$12>=$E52,V$12<=$F52,MOD(V$12,7)>1,NOT(COUNTIF(General!$U$13:$U$19,V$12))),$I52,"") | W52: =IF(AND(W$12>=$E52,W$12<=$F52,MOD(W$12,7)>1,NOT(COUNTIF(General!$U$13:$U$19,W$12))),$I52,"") | X52: =IF(AND(X$12>=$E52,X$12<=$F52,MOD(X$12,7)>1,NOT(COUNTIF(General!$U$13:$U$19,X$12))),$I52,"") | ... FX52: =IF(AND(FX$12>=$E52,FX$12<=$F52,MOD(FX$12,7)>1,NOT(COUNTIF(General!$U$13:$U$19,FX$12))),$I52,"")
B53: カード選択画面廃止 | I53: 1 | Q53: =IF(AND(Q$12>=$E53,Q$12<=$F53,MOD(Q$12,7)>1,NOT(COUNTIF(General!$U$13:$U$19,Q$12))),$I53,"") | R53: =IF(AND(R$12>=$E53,R$12<=$F53,MOD(R$12,7)>1,NOT(COUNTIF(General!$U$13:$U$19,R$12))),$I53,"") | S53: =IF(AND(S$12>=$E53,S$12<=$F53,MOD(S$12,7)>1,NOT(COUNTIF(General!$U$13:$U$19,S$12))),$I53,"") | T53: =IF(AND(T$12>=$E53,T$12<=$F53,MOD(T$12,7)>1,NOT(COUNTIF(General!$U$13:$U$19,T$12))),$I53,"") | U53: =IF(AND(U$12>=$E53,U$12<=$F53,MOD(U$12,7)>1,NOT(COUNTIF(General!$U$13:$U$19,U$12))),$I53,"") | V53: =IF(AND(V$12>=$E53,V$12<=$F53,MOD(V$12,7)>1,NOT(COUNTIF(General!$U$13:$U$19,V$12))),$I53,"") | W53: =IF(AND(W$12>=$E53,W$12<=$F53,MOD(W$12,7)>1,NOT(COUNTIF(General!$U$13:$U$19,W$12))),$I53,"") | X53: =IF(AND(X$12>=$E53,X$12<=$F53,MOD(X$12,7)>1,NOT(COUNTIF(General!$U$13:$U$19,X$12))),$I53,"") | ... FX53: =IF(AND(FX$12>=$E53,FX$12<=$F53,MOD(FX$12,7)>1,NOT(COUNTIF(General!$U$13:$U$19,FX$12))),$I53,"")
I54: 1 | Q54: =IF(AND(Q$12>=$E54,Q$12<=$F54,MOD(Q$12,7)>1,NOT(COUNTIF(General!$U$13:$U$19,Q$12))),$I54,"") | R54: =IF(AND(R$12>=$E54,R$12<=$F54,MOD(R$12,7)>1,NOT(COUNTIF(General!$U$13:$U$19,R$12))),$I54,"") | S54: =IF(AND(S$12>=$E54,S$12<=$F54,MOD(S$12,7)>1,NOT(COUNTIF(General!$U$13:$U$19,S$12))),$I54,"") | T54: =IF(AND(T$12>=$E54,T$12<=$F54,MOD(T$12,7)>1,NOT(COUNTIF(General!$U$13:$U$19,T$12))),$I54,"") | U54: =IF(AND(U$12>=$E54,U$12<=$F54,MOD(U$12,7)>1,NOT(COUNTIF(General!$U$13:$U$19,U$12))),$I54,"") | V54: =IF(AND(V$12>=$E54,V$12<=$F54,MOD(V$12,7)>1,NOT(COUNTIF(General!$U$13:$U$19,V$12))),$I54,"") | W54: =IF(AND(W$12>=$E54,W$12<=$F54,MOD(W$12,7)>1,NOT(COUNTIF(General!$U$13:$U$19,W$12))),$I54,"") | X54: =IF(AND(X$12>=$E54,X$12<=$F54,MOD(X$12,7)>1,NOT(COUNTIF(General!$U$13:$U$19,X$12))),$I54,"") | ... FX54: =IF(AND(FX$12>=$E54,FX$12<=$F54,MOD(FX$12,7)>1,NOT(COUNTIF(General!$U$13:$U$19,FX$12))),$I54,"")
I55: 1 | Q55: =IF(AND(Q$12>=$E55,Q$12<=$F55,MOD(Q$12,7)>1,NOT(COUNTIF(General!$U$13:$U$19,Q$12))),$I55,"") | R55: =IF(AND(R$12>=$E55,R$12<=$F55,MOD(R$12,7)>1,NOT(COUNTIF(General!$U$13:$U$19,R$12))),$I55,"") | S55: =IF(AND(S$12>=$E55,S$12<=$F55,MOD(S$12,7)>1,NOT(COUNTIF(General!$U$13:$U$19,S$12))),$I55,"") | T55: =IF(AND(T$12>=$E55,T$12<=$F55,MOD(T$12,7)>1,NOT(COUNTIF(General!$U$13:$U$19,T$12))),$I55,"") | U55: =IF(AND(U$12>=$E55,U$12<=$F55,MOD(U$12,7)>1,NOT(COUNTIF(General!$U$13:$U$19,U$12))),$I55,"") | V55: =IF(AND(V$12>=$E55,V$12<=$F55,MOD(V$12,7)>1,NOT(COUNTIF(General!$U$13:$U$19,V$12))),$I55,"") | W55: =IF(AND(W$12>=$E55,W$12<=$F55,MOD(W$12,7)>1,NOT(COUNTIF(General!$U$13:$U$19,W$12))),$I55,"") | X55: =IF(AND(X$12>=$E55,X$12<=$F55,MOD(X$12,7)>1,NOT(COUNTIF(General!$U$13:$U$19,X$12))),$I55,"") | ... FX55: =IF(AND(FX$12>=$E55,FX$12<=$F55,MOD(FX$12,7)>1,NOT(COUNTIF(General!$U$13:$U$19,FX$12))),$I55,"")
I56: 1 | Q56: =IF(AND(Q$12>=$E56,Q$12<=$F56,MOD(Q$12,7)>1,NOT(COUNTIF(General!$U$13:$U$19,Q$12))),$I56,"") | R56: =IF(AND(R$12>=$E56,R$12<=$F56,MOD(R$12,7)>1,NOT(COUNTIF(General!$U$13:$U$19,R$12))),$I56,"") | S56: =IF(AND(S$12>=$E56,S$12<=$F56,MOD(S$12,7)>1,NOT(COUNTIF(General!$U$13:$U$19,S$12))),$I56,"") | T56: =IF(AND(T$12>=$E56,T$12<=$F56,MOD(T$12,7)>1,NOT(COUNTIF(General!$U$13:$U$19,T$12))),$I56,"") | U56: =IF(AND(U$12>=$E56,U$12<=$F56,MOD(U$12,7)>1,NOT(COUNTIF(General!$U$13:$U$19,U$12))),$I56,"") | V56: =IF(AND(V$12>=$E56,V$12<=$F56,MOD(V$12,7)>1,NOT(COUNTIF(General!$U$13:$U$19,V$12))),$I56,"") | W56: =IF(AND(W$12>=$E56,W$12<=$F56,MOD(W$12,7)>1,NOT(COUNTIF(General!$U$13:$U$19,W$12))),$I56,"") | X56: =IF(AND(X$12>=$E56,X$12<=$F56,MOD(X$12,7)>1,NOT(COUNTIF(General!$U$13:$U$19,X$12))),$I56,"") | ... FX56: =IF(AND(FX$12>=$E56,FX$12<=$F56,MOD(FX$12,7)>1,NOT(COUNTIF(General!$U$13:$U$19,FX$12))),$I56,"")
I57: 1 | Q57: =IF(AND(Q$12>=$E57,Q$12<=$F57,MOD(Q$12,7)>1,NOT(COUNTIF(General!$U$13:$U$19,Q$12))),$I57,"") | R57: =IF(AND(R$12>=$E57,R$12<=$F57,MOD(R$12,7)>1,NOT(COUNTIF(General!$U$13:$U$19,R$12))),$I57,"") | S57: =IF(AND(S$12>=$E57,S$12<=$F57,MOD(S$12,7)>1,NOT(COUNTIF(General!$U$13:$U$19,S$12))),$I57,"") | T57: =IF(AND(T$12>=$E57,T$12<=$F57,MOD(T$12,7)>1,NOT(COUNTIF(General!$U$13:$U$19,T$12))),$I57,"") | U57: =IF(AND(U$12>=$E57,U$12<=$F57,MOD(U$12,7)>1,NOT(COUNTIF(General!$U$13:$U$19,U$12))),$I57,"") | V57: =IF(AND(V$12>=$E57,V$12<=$F57,MOD(V$12,7)>1,NOT(COUNTIF(General!$U$13:$U$19,V$12))),$I57,"") | W57: =IF(AND(W$12>=$E57,W$12<=$F57,MOD(W$12,7)>1,NOT(COUNTIF(General!$U$13:$U$19,W$12))),$I57,"") | X57: =IF(AND(X$12>=$E57,X$12<=$F57,MOD(X$12,7)>1,NOT(COUNTIF(General!$U$13:$U$19,X$12))),$I57,"") | ... FX57: =IF(AND(FX$12>=$E57,FX$12<=$F57,MOD(FX$12,7)>1,NOT(COUNTIF(General!$U$13:$U$19,FX$12))),$I57,"")
I58: 1 | Q58: =IF(AND(Q$12>=$E58,Q$12<=$F58,MOD(Q$12,7)>1,NOT(COUNTIF(General!$U$13:$U$19,Q$12))),$I58,"") | R58: =IF(AND(R$12>=$E58,R$12<=$F58,MOD(R$12,7)>1,NOT(COUNTIF(General!$U$13:$U$19,R$12))),$I58,"") | S58: =IF(AND(S$12>=$E58,S$12<=$F58,MOD(S$12,7)>1,NOT(COUNTIF(General!$U$13:$U$19,S$12))),$I58,"") | T58: =IF(AND(T$12>=$E58,T$12<=$F58,MOD(T$12,7)>1,NOT(COUNTIF(General!$U$13:$U$19,T$12))),$I58,"") | U58: =IF(AND(U$12>=$E58,U$12<=$F58,MOD(U$12,7)>1,NOT(COUNTIF(General!$U$13:$U$19,U$12))),$I58,"") | V58: =IF(AND(V$12>=$E58,V$12<=$F58,MOD(V$12,7)>1,NOT(COUNTIF(General!$U$13:$U$19,V$12))),$I58,"") | W58: =IF(AND(W$12>=$E58,W$12<=$F58,MOD(W$12,7)>1,NOT(COUNTIF(General!$U$13:$U$19,W$12))),$I58,"") | X58: =IF(AND(X$12>=$E58,X$12<=$F58,MOD(X$12,7)>1,NOT(COUNTIF(General!$U$13:$U$19,X$12))),$I58,"") | ... FX58: =IF(AND(FX$12>=$E58,FX$12<=$F58,MOD(FX$12,7)>1,NOT(COUNTIF(General!$U$13:$U$19,FX$12))),$I58,"")
I59: 1 | Q59: =IF(AND(Q$12>=$E59,Q$12<=$F59,MOD(Q$12,7)>1,NOT(COUNTIF(General!$U$13:$U$19,Q$12))),$I59,"") | R59: =IF(AND(R$12>=$E59,R$12<=$F59,MOD(R$12,7)>1,NOT(COUNTIF(General!$U$13:$U$19,R$12))),$I59,"") | S59: =IF(AND(S$12>=$E59,S$12<=$F59,MOD(S$12,7)>1,NOT(COUNTIF(General!$U$13:$U$19,S$12))),$I59,"") | T59: =IF(AND(T$12>=$E59,T$12<=$F59,MOD(T$12,7)>1,NOT(COUNTIF(General!$U$13:$U$19,T$12))),$I59,"") | U59: =IF(AND(U$12>=$E59,U$12<=$F59,MOD(U$12,7)>1,NOT(COUNTIF(General!$U$13:$U$19,U$12))),$I59,"") | V59: =IF(AND(V$12>=$E59,V$12<=$F59,MOD(V$12,7)>1,NOT(COUNTIF(General!$U$13:$U$19,V$12))),$I59,"") | W59: =IF(AND(W$12>=$E59,W$12<=$F59,MOD(W$12,7)>1,NOT(COUNTIF(General!$U$13:$U$19,W$12))),$I59,"") | X59: =IF(AND(X$12>=$E59,X$12<=$F59,MOD(X$12,7)>1,NOT(COUNTIF(General!$U$13:$U$19,X$12))),$I59,"") | ... FX59: =IF(AND(FX$12>=$E59,FX$12<=$F59,MOD(FX$12,7)>1,NOT(COUNTIF(General!$U$13:$U$19,FX$12))),$I59,"")
I60: 1 | Q60: =IF(AND(Q$12>=$E60,Q$12<=$F60,MOD(Q$12,7)>1,NOT(COUNTIF(General!$U$13:$U$19,Q$12))),$I60,"") | R60: =IF(AND(R$12>=$E60,R$12<=$F60,MOD(R$12,7)>1,NOT(COUNTIF(General!$U$13:$U$19,R$12))),$I60,"") | S60: =IF(AND(S$12>=$E60,S$12<=$F60,MOD(S$12,7)>1,NOT(COUNTIF(General!$U$13:$U$19,S$12))),$I60,"") | T60: =IF(AND(T$12>=$E60,T$12<=$F60,MOD(T$12,7)>1,NOT(COUNTIF(General!$U$13:$U$19,T$12))),$I60,"") | U60: =IF(AND(U$12>=$E60,U$12<=$F60,MOD(U$12,7)>1,NOT(COUNTIF(General!$U$13:$U$19,U$12))),$I60,"") | V60: =IF(AND(V$12>=$E60,V$12<=$F60,MOD(V$12,7)>1,NOT(COUNTIF(General!$U$13:$U$19,V$12))),$I60,"") | W60: =IF(AND(W$12>=$E60,W$12<=$F60,MOD(W$12,7)>1,NOT(COUNTIF(General!$U$13:$U$19,W$12))),$I60,"") | X60: =IF(AND(X$12>=$E60,X$12<=$F60,MOD(X$12,7)>1,NOT(COUNTIF(General!$U$13:$U$19,X$12))),$I60,"") | ... FX60: =IF(AND(FX$12>=$E60,FX$12<=$F60,MOD(FX$12,7)>1,NOT(COUNTIF(General!$U$13:$U$19,FX$12))),$I60,"")
I61: 1 | Q61: =IF(AND(Q$12>=$E61,Q$12<=$F61,MOD(Q$12,7)>1,NOT(COUNTIF(General!$U$13:$U$19,Q$12))),$I61,"") | R61: =IF(AND(R$12>=$E61,R$12<=$F61,MOD(R$12,7)>1,NOT(COUNTIF(General!$U$13:$U$19,R$12))),$I61,"") | S61: =IF(AND(S$12>=$E61,S$12<=$F61,MOD(S$12,7)>1,NOT(COUNTIF(General!$U$13:$U$19,S$12))),$I61,"") | T61: =IF(AND(T$12>=$E61,T$12<=$F61,MOD(T$12,7)>1,NOT(COUNTIF(General!$U$13:$U$19,T$12))),$I61,"") | U61: =IF(AND(U$12>=$E61,U$12<=$F61,MOD(U$12,7)>1,NOT(COUNTIF(General!$U$13:$U$19,U$12))),$I61,"") | V61: =IF(AND(V$12>=$E61,V$12<=$F61,MOD(V$12,7)>1,NOT(COUNTIF(General!$U$13:$U$19,V$12))),$I61,"") | W61: =IF(AND(W$12>=$E61,W$12<=$F61,MOD(W$12,7)>1,NOT(COUNTIF(General!$U$13:$U$19,W$12))),$I61,"") | X61: =IF(AND(X$12>=$E61,X$12<=$F61,MOD(X$12,7)>1,NOT(COUNTIF(General!$U$13:$U$19,X$12))),$I61,"") | ... FX61: =IF(AND(FX$12>=$E61,FX$12<=$F61,MOD(FX$12,7)>1,NOT(COUNTIF(General!$U$13:$U$19,FX$12))),$I61,"")
I62: 1 | Q62: =IF(AND(Q$12>=$E62,Q$12<=$F62,MOD(Q$12,7)>1,NOT(COUNTIF(General!$U$13:$U$19,Q$12))),$I62,"") | R62: =IF(AND(R$12>=$E62,R$12<=$F62,MOD(R$12,7)>1,NOT(COUNTIF(General!$U$13:$U$19,R$12))),$I62,"") | S62: =IF(AND(S$12>=$E62,S$12<=$F62,MOD(S$12,7)>1,NOT(COUNTIF(General!$U$13:$U$19,S$12))),$I62,"") | T62: =IF(AND(T$12>=$E62,T$12<=$F62,MOD(T$12,7)>1,NOT(COUNTIF(General!$U$13:$U$19,T$12))),$I62,"") | U62: =IF(AND(U$12>=$E62,U$12<=$F62,MOD(U$12,7)>1,NOT(COUNTIF(General!$U$13:$U$19,U$12))),$I62,"") | V62: =IF(AND(V$12>=$E62,V$12<=$F62,MOD(V$12,7)>1,NOT(COUNTIF(General!$U$13:$U$19,V$12))),$I62,"") | W62: =IF(AND(W$12>=$E62,W$12<=$F62,MOD(W$12,7)>1,NOT(COUNTIF(General!$U$13:$U$19,W$12))),$I62,"") | X62: =IF(AND(X$12>=$E62,X$12<=$F62,MOD(X$12,7)>1,NOT(COUNTIF(General!$U$13:$U$19,X$12))),$I62,"") | ... FX62: =IF(AND(FX$12>=$E62,FX$12<=$F62,MOD(FX$12,7)>1,NOT(COUNTIF(General!$U$13:$U$19,FX$12))),$I62,"")
I63: 1 | Q63: =IF(AND(Q$12>=$E63,Q$12<=$F63,MOD(Q$12,7)>1,NOT(COUNTIF(General!$U$13:$U$19,Q$12))),$I63,"") | R63: =IF(AND(R$12>=$E63,R$12<=$F63,MOD(R$12,7)>1,NOT(COUNTIF(General!$U$13:$U$19,R$12))),$I63,"") | S63: =IF(AND(S$12>=$E63,S$12<=$F63,MOD(S$12,7)>1,NOT(COUNTIF(General!$U$13:$U$19,S$12))),$I63,"") | T63: =IF(AND(T$12>=$E63,T$12<=$F63,MOD(T$12,7)>1,NOT(COUNTIF(General!$U$13:$U$19,T$12))),$I63,"") | U63: =IF(AND(U$12>=$E63,U$12<=$F63,MOD(U$12,7)>1,NOT(COUNTIF(General!$U$13:$U$19,U$12))),$I63,"") | V63: =IF(AND(V$12>=$E63,V$12<=$F63,MOD(V$12,7)>1,NOT(COUNTIF(General!$U$13:$U$19,V$12))),$I63,"") | W63: =IF(AND(W$12>=$E63,W$12<=$F63,MOD(W$12,7)>1,NOT(COUNTIF(General!$U$13:$U$19,W$12))),$I63,"") | X63: =IF(AND(X$12>=$E63,X$12<=$F63,MOD(X$12,7)>1,NOT(COUNTIF(General!$U$13:$U$19,X$12))),$I63,"") | ... FX63: =IF(AND(FX$12>=$E63,FX$12<=$F63,MOD(FX$12,7)>1,NOT(COUNTIF(General!$U$13:$U$19,FX$12))),$I63,"")
I64: 1 | Q64: =IF(AND(Q$12>=$E64,Q$12<=$F64,MOD(Q$12,7)>1,NOT(COUNTIF(General!$U$13:$U$19,Q$12))),$I64,"") | R64: =IF(AND(R$12>=$E64,R$12<=$F64,MOD(R$12,7)>1,NOT(COUNTIF(General!$U$13:$U$19,R$12))),$I64,"") | S64: =IF(AND(S$12>=$E64,S$12<=$F64,MOD(S$12,7)>1,NOT(COUNTIF(General!$U$13:$U$19,S$12))),$I64,"") | T64: =IF(AND(T$12>=$E64,T$12<=$F64,MOD(T$12,7)>1,NOT(COUNTIF(General!$U$13:$U$19,T$12))),$I64,"") | U64: =IF(AND(U$12>=$E64,U$12<=$F64,MOD(U$12,7)>1,NOT(COUNTIF(General!$U$13:$U$19,U$12))),$I64,"") | V64: =IF(AND(V$12>=$E64,V$12<=$F64,MOD(V$12,7)>1,NOT(COUNTIF(General!$U$13:$U$19,V$12))),$I64,"") | W64: =IF(AND(W$12>=$E64,W$12<=$F64,MOD(W$12,7)>1,NOT(COUNTIF(General!$U$13:$U$19,W$12))),$I64,"") | X64: =IF(AND(X$12>=$E64,X$12<=$F64,MOD(X$12,7)>1,NOT(COUNTIF(General!$U$13:$U$19,X$12))),$I64,"") | ... FX64: =IF(AND(FX$12>=$E64,FX$12<=$F64,MOD(FX$12,7)>1,NOT(COUNTIF(General!$U$13:$U$19,FX$12))),$I64,"")
I65: 1 | Q65: =IF(AND(Q$12>=$E65,Q$12<=$F65,MOD(Q$12,7)>1,NOT(COUNTIF(General!$U$13:$U$19,Q$12))),$I65,"") | R65: =IF(AND(R$12>=$E65,R$12<=$F65,MOD(R$12,7)>1,NOT(COUNTIF(General!$U$13:$U$19,R$12))),$I65,"") | S65: =IF(AND(S$12>=$E65,S$12<=$F65,MOD(S$12,7)>1,NOT(COUNTIF(General!$U$13:$U$19,S$12))),$I65,"") | T65: =IF(AND(T$12>=$E65,T$12<=$F65,MOD(T$12,7)>1,NOT(COUNTIF(General!$U$13:$U$19,T$12))),$I65,"") | U65: =IF(AND(U$12>=$E65,U$12<=$F65,MOD(U$12,7)>1,NOT(COUNTIF(General!$U$13:$U$19,U$12))),$I65,"") | V65: =IF(AND(V$12>=$E65,V$12<=$F65,MOD(V$12,7)>1,NOT(COUNTIF(General!$U$13:$U$19,V$12))),$I65,"") | W65: =IF(AND(W$12>=$E65,W$12<=$F65,MOD(W$12,7)>1,NOT(COUNTIF(General!$U$13:$U$19,W$12))),$I65,"") | X65: =IF(AND(X$12>=$E65,X$12<=$F65,MOD(X$12,7)>1,NOT(COUNTIF(General!$U$13:$U$19,X$12))),$I65,"") | ... FX65: =IF(AND(FX$12>=$E65,FX$12<=$F65,MOD(FX$12,7)>1,NOT(COUNTIF(General!$U$13:$U$19,FX$12))),$I65,"")
... I69: 1 | Q69: =IF(AND(Q$12>=$E69,Q$12<=$F69,MOD(Q$12,7)>1,NOT(COUNTIF(General!$U$13:$U$19,Q$12))),$I69,"") | R69: =IF(AND(R$12>=$E69,R$12<=$F69,MOD(R$12,7)>1,NOT(COUNTIF(General!$U$13:$U$19,R$12))),$I69,"") | S69: =IF(AND(S$12>=$E69,S$12<=$F69,MOD(S$12,7)>1,NOT(COUNTIF(General!$U$13:$U$19,S$12))),$I69,"") | T69: =IF(AND(T$12>=$E69,T$12<=$F69,MOD(T$12,7)>1,NOT(COUNTIF(General!$U$13:$U$19,T$12))),$I69,"") | U69: =IF(AND(U$12>=$E69,U$12<=$F69,MOD(U$12,7)>1,NOT(COUNTIF(General!$U$13:$U$19,U$12))),$I69,"") | V69: =IF(AND(V$12>=$E69,V$12<=$F69,MOD(V$12,7)>1,NOT(COUNTIF(General!$U$13:$U$19,V$12))),$I69,"") | W69: =IF(AND(W$12>=$E69,W$12<=$F69,MOD(W$12,7)>1,NOT(COUNTIF(General!$U$13:$U$19,W$12))),$I69,"") | X69: =IF(AND(X$12>=$E69,X$12<=$F69,MOD(X$12,7)>1,NOT(COUNTIF(General!$U$13:$U$19,X$12))),$I69,"") | ... FX69: =IF(AND(FX$12>=$E69,FX$12<=$F69,MOD(FX$12,7)>1,NOT(COUNTIF(General!$U$13:$U$19,FX$12))),$I69,"")
D70: _x0008_Design | I70: 1 | Q70: =IF(AND(Q$12>=$E70,Q$12<=$F70,MOD(Q$12,7)>1,NOT(COUNTIF(General!$U$13:$U$19,Q$12))),$I70,"") | R70: =IF(AND(R$12>=$E70,R$12<=$F70,MOD(R$12,7)>1,NOT(COUNTIF(General!$U$13:$U$19,R$12))),$I70,"") | S70: =IF(AND(S$12>=$E70,S$12<=$F70,MOD(S$12,7)>1,NOT(COUNTIF(General!$U$13:$U$19,S$12))),$I70,"") | T70: =IF(AND(T$12>=$E70,T$12<=$F70,MOD(T$12,7)>1,NOT(COUNTIF(General!$U$13:$U$19,T$12))),$I70,"") | U70: =IF(AND(U$12>=$E70,U$12<=$F70,MOD(U$12,7)>1,NOT(COUNTIF(General!$U$13:$U$19,U$12))),$I70,"") | V70: =IF(AND(V$12>=$E70,V$12<=$F70,MOD(V$12,7)>1,NOT(COUNTIF(General!$U$13:$U$19,V$12))),$I70,"") | W70: =IF(AND(W$12>=$E70,W$12<=$F70,MOD(W$12,7)>1,NOT(COUNTIF(General!$U$13:$U$19,W$12))),$I70,"") | X70: =IF(AND(X$12>=$E70,X$12<=$F70,MOD(X$12,7)>1,NOT(COUNTIF(General!$U$13:$U$19,X$12))),$I70,"") | ... FX70: =IF(AND(FX$12>=$E70,FX$12<=$F70,MOD(FX$12,7)>1,NOT(COUNTIF(General!$U$13:$U$19,FX$12))),$I70,"")
D71: Front | I71: 1 | Q71: =IF(AND(Q$12>=$E71,Q$12<=$F71,MOD(Q$12,7)>1,NOT(COUNTIF(General!$U$13:$U$19,Q$12))),$I71,"") | R71: =IF(AND(R$12>=$E71,R$12<=$F71,MOD(R$12,7)>1,NOT(COUNTIF(General!$U$13:$U$19,R$12))),$I71,"") | S71: =IF(AND(S$12>=$E71,S$12<=$F71,MOD(S$12,7)>1,NOT(COUNTIF(General!$U$13:$U$19,S$12))),$I71,"") | T71: =IF(AND(T$12>=$E71,T$12<=$F71,MOD(T$12,7)>1,NOT(COUNTIF(General!$U$13:$U$19,T$12))),$I71,"") | U71: =IF(AND(U$12>=$E71,U$12<=$F71,MOD(U$12,7)>1,NOT(COUNTIF(General!$U$13:$U$19,U$12))),$I71,"") | V71: =IF(AND(V$12>=$E71,V$12<=$F71,MOD(V$12,7)>1,NOT(COUNTIF(General!$U$13:$U$19,V$12))),$I71,"") | W71: =IF(AND(W$12>=$E71,W$12<=$F71,MOD(W$12,7)>1,NOT(COUNTIF(General!$U$13:$U$19,W$12))),$I71,"") | X71: =IF(AND(X$12>=$E71,X$12<=$F71,MOD(X$12,7)>1,NOT(COUNTIF(General!$U$13:$U$19,X$12))),$I71,"") | ... FX71: =IF(AND(FX$12>=$E71,FX$12<=$F71,MOD(FX$12,7)>1,NOT(COUNTIF(General!$U$13:$U$19,FX$12))),$I71,"")
D72: PG | I72: 1 | Q72: =IF(AND(Q$12>=$E72,Q$12<=$F72,MOD(Q$12,7)>1,NOT(COUNTIF(General!$U$13:$U$19,Q$12))),$I72,"") | R72: =IF(AND(R$12>=$E72,R$12<=$F72,MOD(R$12,7)>1,NOT(COUNTIF(General!$U$13:$U$19,R$12))),$I72,"") | S72: =IF(AND(S$12>=$E72,S$12<=$F72,MOD(S$12,7)>1,NOT(COUNTIF(General!$U$13:$U$19,S$12))),$I72,"") | T72: =IF(AND(T$12>=$E72,T$12<=$F72,MOD(T$12,7)>1,NOT(COUNTIF(General!$U$13:$U$19,T$12))),$I72,"") | U72: =IF(AND(U$12>=$E72,U$12<=$F72,MOD(U$12,7)>1,NOT(COUNTIF(General!$U$13:$U$19,U$12))),$I72,"") | V72: =IF(AND(V$12>=$E72,V$12<=$F72,MOD(V$12,7)>1,NOT(COUNTIF(General!$U$13:$U$19,V$12))),$I72,"") | W72: =IF(AND(W$12>=$E72,W$12<=$F72,MOD(W$12,7)>1,NOT(COUNTIF(General!$U$13:$U$19,W$12))),$I72,"") | X72: =IF(AND(X$12>=$E72,X$12<=$F72,MOD(X$12,7)>1,NOT(COUNTIF(General!$U$13:$U$19,X$12))),$I72,"") | ... FX72: =IF(AND(FX$12>=$E72,FX$12<=$F72,MOD(FX$12,7)>1,NOT(COUNTIF(General!$U$13:$U$19,FX$12))),$I72,"")
D73: QA | I73: 1 | Q73: =IF(AND(Q$12>=$E73,Q$12<=$F73,MOD(Q$12,7)>1,NOT(COUNTIF(General!$U$13:$U$19,Q$12))),$I73,"") | R73: =IF(AND(R$12>=$E73,R$12<=$F73,MOD(R$12,7)>1,NOT(COUNTIF(General!$U$13:$U$19,R$12))),$I73,"") | S73: =IF(AND(S$12>=$E73,S$12<=$F73,MOD(S$12,7)>1,NOT(COUNTIF(General!$U$13:$U$19,S$12))),$I73,"") | T73: =IF(AND(T$12>=$E73,T$12<=$F73,MOD(T$12,7)>1,NOT(COUNTIF(General!$U$13:$U$19,T$12))),$I73,"") | U73: =IF(AND(U$12>=$E73,U$12<=$F73,MOD(U$12,7)>1,NOT(COUNTIF(General!$U$13:$U$19,U$12))),$I73,"") | V73: =IF(AND(V$12>=$E73,V$12<=$F73,MOD(V$12,7)>1,NOT(COUNTIF(General!$U$13:$U$19,V$12))),$I73,"") | W73: =IF(AND(W$12>=$E73,W$12<=$F73,MOD(W$12,7)>1,NOT(COUNTIF(General!$U$13:$U$19,W$12))),$I73,"") | X73: =IF(AND(X$12>=$E73,X$12<=$F73,MOD(X$12,7)>1,NOT(COUNTIF(General!$U$13:$U$19,X$12))),$I73,"") | ... FX73: =IF(AND(FX$12>=$E73,FX$12<=$F73,MOD(FX$12,7)>1,NOT(COUNTIF(General!$U$13:$U$19,FX$12))),$I73,"")
D74: Fixbug | I74: 1 | Q74: =IF(AND(Q$12>=$E74,Q$12<=$F74,MOD(Q$12,7)>1,NOT(COUNTIF(General!$U$13:$U$19,Q$12))),$I74,"") | R74: =IF(AND(R$12>=$E74,R$12<=$F74,MOD(R$12,7)>1,NOT(COUNTIF(General!$U$13:$U$19,R$12))),$I74,"") | S74: =IF(AND(S$12>=$E74,S$12<=$F74,MOD(S$12,7)>1,NOT(COUNTIF(General!$U$13:$U$19,S$12))),$I74,"") | T74: =IF(AND(T$12>=$E74,T$12<=$F74,MOD(T$12,7)>1,NOT(COUNTIF(General!$U$13:$U$19,T$12))),$I74,"") | U74: =IF(AND(U$12>=$E74,U$12<=$F74,MOD(U$12,7)>1,NOT(COUNTIF(General!$U$13:$U$19,U$12))),$I74,"") | V74: =IF(AND(V$12>=$E74,V$12<=$F74,MOD(V$12,7)>1,NOT(COUNTIF(General!$U$13:$U$19,V$12))),$I74,"") | W74: =IF(AND(W$12>=$E74,W$12<=$F74,MOD(W$12,7)>1,NOT(COUNTIF(General!$U$13:$U$19,W$12))),$I74,"") | X74: =IF(AND(X$12>=$E74,X$12<=$F74,MOD(X$12,7)>1,NOT(COUNTIF(General!$U$13:$U$19,X$12))),$I74,"") | ... FX74: =IF(AND(FX$12>=$E74,FX$12<=$F74,MOD(FX$12,7)>1,NOT(COUNTIF(General!$U$13:$U$19,FX$12))),$I74,"")
D75: QA | I75: 1 | Q75: =IF(AND(Q$12>=$E75,Q$12<=$F75,MOD(Q$12,7)>1,NOT(COUNTIF(General!$U$13:$U$19,Q$12))),$I75,"") | R75: =IF(AND(R$12>=$E75,R$12<=$F75,MOD(R$12,7)>1,NOT(COUNTIF(General!$U$13:$U$19,R$12))),$I75,"") | S75: =IF(AND(S$12>=$E75,S$12<=$F75,MOD(S$12,7)>1,NOT(COUNTIF(General!$U$13:$U$19,S$12))),$I75,"") | T75: =IF(AND(T$12>=$E75,T$12<=$F75,MOD(T$12,7)>1,NOT(COUNTIF(General!$U$13:$U$19,T$12))),$I75,"") | U75: =IF(AND(U$12>=$E75,U$12<=$F75,MOD(U$12,7)>1,NOT(COUNTIF(General!$U$13:$U$19,U$12))),$I75,"") | V75: =IF(AND(V$12>=$E75,V$12<=$F75,MOD(V$12,7)>1,NOT(COUNTIF(General!$U$13:$U$19,V$12))),$I75,"") | W75: =IF(AND(W$12>=$E75,W$12<=$F75,MOD(W$12,7)>1,NOT(COUNTIF(General!$U$13:$U$19,W$12))),$I75,"") | X75: =IF(AND(X$12>=$E75,X$12<=$F75,MOD(X$12,7)>1,NOT(COUNTIF(General!$U$13:$U$19,X$12))),$I75,"") | ... FX75: =IF(AND(FX$12>=$E75,FX$12<=$F75,MOD(FX$12,7)>1,NOT(COUNTIF(General!$U$13:$U$19,FX$12))),$I75,"")
D76: _x0008_Design | I76: 1 | Q76: =IF(AND(Q$12>=$E76,Q$12<=$F76,MOD(Q$12,7)>1,NOT(COUNTIF(General!$U$13:$U$19,Q$12))),$I76,"") | R76: =IF(AND(R$12>=$E76,R$12<=$F76,MOD(R$12,7)>1,NOT(COUNTIF(General!$U$13:$U$19,R$12))),$I76,"") | S76: =IF(AND(S$12>=$E76,S$12<=$F76,MOD(S$12,7)>1,NOT(COUNTIF(General!$U$13:$U$19,S$12))),$I76,"") | T76: =IF(AND(T$12>=$E76,T$12<=$F76,MOD(T$12,7)>1,NOT(COUNTIF(General!$U$13:$U$19,T$12))),$I76,"") | U76: =IF(AND(U$12>=$E76,U$12<=$F76,MOD(U$12,7)>1,NOT(COUNTIF(General!$U$13:$U$19,U$12))),$I76,"") | V76: =IF(AND(V$12>=$E76,V$12<=$F76,MOD(V$12,7)>1,NOT(COUNTIF(General!$U$13:$U$19,V$12))),$I76,"") | W76: =IF(AND(W$12>=$E76,W$12<=$F76,MOD(W$12,7)>1,NOT(COUNTIF(General!$U$13:$U$19,W$12))),$I76,"") | X76: =IF(AND(X$12>=$E76,X$12<=$F76,MOD(X$12,7)>1,NOT(COUNTIF(General!$U$13:$U$19,X$12))),$I76,"") | ... FX76: =IF(AND(FX$12>=$E76,FX$12<=$F76,MOD(FX$12,7)>1,NOT(COUNTIF(General!$U$13:$U$19,FX$12))),$I76,"")
D77: Front | Q77: =IF(AND(Q$12>=$E77,Q$12<=$F77,MOD(Q$12,7)>1,NOT(COUNTIF(General!$U$13:$U$19,Q$12))),$I77,"") | R77: =IF(AND(R$12>=$E77,R$12<=$F77,MOD(R$12,7)>1,NOT(COUNTIF(General!$U$13:$U$19,R$12))),$I77,"") | S77: =IF(AND(S$12>=$E77,S$12<=$F77,MOD(S$12,7)>1,NOT(COUNTIF(General!$U$13:$U$19,S$12))),$I77,"") | T77: =IF(AND(T$12>=$E77,T$12<=$F77,MOD(T$12,7)>1,NOT(COUNTIF(General!$U$13:$U$19,T$12))),$I77,"") | U77: =IF(AND(U$12>=$E77,U$12<=$F77,MOD(U$12,7)>1,NOT(COUNTIF(General!$U$13:$U$19,U$12))),$I77,"") | V77: =IF(AND(V$12>=$E77,V$12<=$F77,MOD(V$12,7)>1,NOT(COUNTIF(General!$U$13:$U$19,V$12))),$I77,"") | W77: =IF(AND(W$12>=$E77,W$12<=$F77,MOD(W$12,7)>1,NOT(COUNTIF(General!$U$13:$U$19,W$12))),$I77,"") | X77: =IF(AND(X$12>=$E77,X$12<=$F77,MOD(X$12,7)>1,NOT(COUNTIF(General!$U$13:$U$19,X$12))),$I77,"") | ... FX77: =IF(AND(FX$12>=$E77,FX$12<=$F77,MOD(FX$12,7)>1,NOT(COUNTIF(General!$U$13:$U$19,FX$12))),$I77,"")
D78: PG | Q78: =IF(AND(Q$12>=$E78,Q$12<=$F78,MOD(Q$12,7)>1,NOT(COUNTIF(General!$U$13:$U$19,Q$12))),$I78,"") | R78: =IF(AND(R$12>=$E78,R$12<=$F78,MOD(R$12,7)>1,NOT(COUNTIF(General!$U$13:$U$19,R$12))),$I78,"") | S78: =IF(AND(S$12>=$E78,S$12<=$F78,MOD(S$12,7)>1,NOT(COUNTIF(General!$U$13:$U$19,S$12))),$I78,"") | T78: =IF(AND(T$12>=$E78,T$12<=$F78,MOD(T$12,7)>1,NOT(COUNTIF(General!$U$13:$U$19,T$12))),$I78,"") | U78: =IF(AND(U$12>=$E78,U$12<=$F78,MOD(U$12,7)>1,NOT(COUNTIF(General!$U$13:$U$19,U$12))),$I78,"") | V78: =IF(AND(V$12>=$E78,V$12<=$F78,MOD(V$12,7)>1,NOT(COUNTIF(General!$U$13:$U$19,V$12))),$I78,"") | W78: =IF(AND(W$12>=$E78,W$12<=$F78,MOD(W$12,7)>1,NOT(COUNTIF(General!$U$13:$U$19,W$12))),$I78,"") | X78: =IF(AND(X$12>=$E78,X$12<=$F78,MOD(X$12,7)>1,NOT(COUNTIF(General!$U$13:$U$19,X$12))),$I78,"") | ... FX78: =IF(AND(FX$12>=$E78,FX$12<=$F78,MOD(FX$12,7)>1,NOT(COUNTIF(General!$U$13:$U$19,FX$12))),$I78,"")
D79: QA | Q79: =IF(AND(Q$12>=$E79,Q$12<=$F79,MOD(Q$12,7)>1,NOT(COUNTIF(General!$U$13:$U$19,Q$12))),$I79,"") | R79: =IF(AND(R$12>=$E79,R$12<=$F79,MOD(R$12,7)>1,NOT(COUNTIF(General!$U$13:$U$19,R$12))),$I79,"") | S79: =IF(AND(S$12>=$E79,S$12<=$F79,MOD(S$12,7)>1,NOT(COUNTIF(General!$U$13:$U$19,S$12))),$I79,"") | T79: =IF(AND(T$12>=$E79,T$12<=$F79,MOD(T$12,7)>1,NOT(COUNTIF(General!$U$13:$U$19,T$12))),$I79,"") | U79: =IF(AND(U$12>=$E79,U$12<=$F79,MOD(U$12,7)>1,NOT(COUNTIF(General!$U$13:$U$19,U$12))),$I79,"") | V79: =IF(AND(V$12>=$E79,V$12<=$F79,MOD(V$12,7)>1,NOT(COUNTIF(General!$U$13:$U$19,V$12))),$I79,"") | W79: =IF(AND(W$12>=$E79,W$12<=$F79,MOD(W$12,7)>1,NOT(COUNTIF(General!$U$13:$U$19,W$12))),$I79,"") | X79: =IF(AND(X$12>=$E79,X$12<=$F79,MOD(X$12,7)>1,NOT(COUNTIF(General!$U$13:$U$19,X$12))),$I79,"") | ... FX79: =IF(AND(FX$12>=$E79,FX$12<=$F79,MOD(FX$12,7)>1,NOT(COUNTIF(General!$U$13:$U$19,FX$12))),$I79,"")
D80: Fixbug | Q80: =IF(AND(Q$12>=$E80,Q$12<=$F80,MOD(Q$12,7)>1,NOT(COUNTIF(General!$U$13:$U$19,Q$12))),$I80,"") | R80: =IF(AND(R$12>=$E80,R$12<=$F80,MOD(R$12,7)>1,NOT(COUNTIF(General!$U$13:$U$19,R$12))),$I80,"") | S80: =IF(AND(S$12>=$E80,S$12<=$F80,MOD(S$12,7)>1,NOT(COUNTIF(General!$U$13:$U$19,S$12))),$I80,"") | T80: =IF(AND(T$12>=$E80,T$12<=$F80,MOD(T$12,7)>1,NOT(COUNTIF(General!$U$13:$U$19,T$12))),$I80,"") | U80: =IF(AND(U$12>=$E80,U$12<=$F80,MOD(U$12,7)>1,NOT(COUNTIF(General!$U$13:$U$19,U$12))),$I80,"") | V80: =IF(AND(V$12>=$E80,V$12<=$F80,MOD(V$12,7)>1,NOT(COUNTIF(General!$U$13:$U$19,V$12))),$I80,"") | W80: =IF(AND(W$12>=$E80,W$12<=$F80,MOD(W$12,7)>1,NOT(COUNTIF(General!$U$13:$U$19,W$12))),$I80,"") | X80: =IF(AND(X$12>=$E80,X$12<=$F80,MOD(X$12,7)>1,NOT(COUNTIF(General!$U$13:$U$19,X$12))),$I80,"") | ... FX80: =IF(AND(FX$12>=$E80,FX$12<=$F80,MOD(FX$12,7)>1,NOT(COUNTIF(General!$U$13:$U$19,FX$12))),$I80,"")

Sheet History of changes
E1: WBS SCHEDULE | J1: No: BM-2-901-37
J2: Version: 1.1
J3: Issue Date: 05/04/2021
A4: SUN ASTERISK VIETNAM CO., LTD | J4: ISO/IEC 27001:2013&ISO 9001:2015
A6: HISTORY OF CHANGES
A7: No | B7: Change Item | E7: Description of changes | J7: Change Date
A8: 1 | E8: Update format | J8: 44320

Sheet WBS Schedule
C1: WBS SCHEDULE | R1: No: BM-2-901-37
R2: Version: 1.1
R3: Issue Date: 05/04/2021
A4: SUN ASTERISK VIETNAM CO., LTD | R4: ISO/IEC 27001:2013&ISO 9001:2015
A6: Project Name
A7: Team: | D7: Start | E7: End
A8: Last update: | D8: =MIN(D14:D45) -> 0 | E8: =MAX(E14:E45) -> 0
A9: Updated by: | K9: =IF(K13=TODAY(),"TODAY","") | L9: =IF(L13=TODAY(),"TODAY","") | M9: =IF(M13=TODAY(),"TODAY","") | N9: =IF(N13=TODAY(),"TODAY","") | O9: =IF(O13=TODAY(),"TODAY","") | P9: =IF(P13=TODAY(),"TODAY","") | Q9: =IF(Q13=TODAY(),"TODAY","") | R9: =IF(R13=TODAY(),"TODAY","") | ... CY9: =IF(CY13=TODAY(),"TODAY","")
F12: must fill | H12: must fill | K12: =IF(Month(K13)=Month(L13),"",Month(K13)) | L12: =IF(Month(L13)=Month(K13),"",Month(L13)) | M12: =IF(Month(M13)=Month(L13),"",Month(M13)) -> 1 | N12: =IF(Month(N13)=Month(M13),"",Month(N13)) | O12: =IF(Month(O13)=Month(N13),"",Month(O13)) | P12: =IF(Month(P13)=Month(O13),"",Month(P13)) | Q12: =IF(Month(Q13)=Month(P13),"",Month(Q13)) | R12: =IF(Month(R13)=Month(Q13),"",Month(R13)) | S12: =IF(Month(S13)=Month(R13),"",Month(S13)) | ... CY12: =IF(Month(CY13)=Month(CX13),"",Month(CY13)) -> 4
A13: Story/Screen | B13: Feature | C13: Role | D13: =D7 -> Start | E13: =E7 -> End | F13: Estimate | G13: PIC | H13: Assign | I13: Status | J13: Current point (%) | K13: =D8 -> 0 | L13: =K13+1 -> 1 | M13: =L13+1 -> 2 | N13: =M13+1 -> 3 | O13: =N13+1 -> 4 | P13: =O13+1 -> 5 | Q13: =P13+1 -> 6 | R13: =Q13+1 -> 7 | S13: =R13+1 -> 8 | ... CY13: =CX13+1 -> 92
G14: DN

Sheet CR List
B1: _x0008_Project NewYear Card
B2: Team : サーバ | J2: Start | L2: =MIN(#REF!) -> #REF!
B3: Last update | J3: End | L3: =MAX(#REF!) -> #REF!
B4: Updated by | J4: Fix Bug | L4: 0.3
B5: Total Develop hour | D5: =SUM(Q16:Q42) -> 554 | F5: =D5/160 -> 3.4625 | J5: Unit Test | L5: 0.7
B6: Total test hour | D6: =SUM(P16:P42) -> 193.9 | F6: =D6/160 -> 1.211875 | J6: API Docs | L6: 0.8
B7: 注意:
J9: Intergration Test | L9: 0.7
L10: must fill | M10: (auto) | N10: (auto) | O10: (auto) | Q10: (auto)
A11: ＃ | B11: Screen/Feature | C11: Screen Num | D11: Task | E11: 機能 | F11: Sub-task | G11: 要件概要 | H11: Remark | J11: =J2 -> Start | K11: =J3 -> End | L11: Code | M11: UT | N11: Fix bug | O11: API doc | P11: IT | Q11: Total Develop | R11: SumDev
A12: 1 | B12: 2.Input Sender Information 差出人の情報入力 | C12: 2.15 | D12: Lưu dữ liệu mỗi khi có thay đổi | H12: Giữ input ngay cả khi back trên trình duyệt | L12: 60 | M12: =$L12 * 0.7 -> 42 | N12: =$L12 * 0.3 -> 18 | O12: =L12*$L$6 -> 48 | P12: =$L12 * 0.7 -> 42 | Q12: =SUM($L12:$N12) -> 120
A13: 2 | B13: 3. Edit Design デザイン編集 | C13: 3.18 | D13: Tạo file pdf order info | L13: 40 | M13: =$L13 * 0.7 -> 28 | N13: =$L13 * 0.3 -> 12 | O13: =L13*$L$6 -> 32 | P13: =$L13 * 0.7 -> 28 | Q13: =SUM($L13:$N13) -> 80
A14: 3 | B14: 4. Quản lý master data | C14: 4.1 | D14: Login | L14: 16 | M14: =$L14 * 0.7 -> 11.2 | N14: =$L14 * 0.3 -> 4.8 | O14: =L14*$L$6 -> 12.8 | P14: =$L14 * 0.7 -> 11.2 | Q14: =SUM($L14:$N14) -> 32
C15: 4.2 | D15: Logout | L15: 8 | M15: =$L15 * 0.7 -> 5.6 | N15: =$L15 * 0.3 -> 2.4 | O15: =L15*$L$6 -> 6.4 | P15: =$L15 * 0.7 -> 5.6 | Q15: =SUM($L15:$N15) -> 16
C16: 4.3 | D16: Quản lý sample text types | F16: Danh sách sample text types | L16: 8 | M16: =$L16 * 0.7 -> 5.6 | N16: =$L16 * 0.3 -> 2.4 | O16: =L16*$L$6 -> 6.4 | P16: =$L16 * 0.7 -> 5.6 | Q16: =SUM($L16:$N16) -> 16 | R16: =sum(Q16) -> 16
F17: Thêm sample text type | L17: 4 | M17: =$L17 * 0.7 -> 2.8 | N17: =$L17 * 0.3 -> 1.2 | O17: =L17*$L$6 -> 3.2 | P17: =$L17 * 0.7 -> 2.8 | Q17: =SUM($L17:$N17) -> 8
F18: Sửa sample text type | L18: 4 | M18: =$L18 * 0.7 -> 2.8 | N18: =$L18 * 0.3 -> 1.2 | O18: =L18*$L$6 -> 3.2 | P18: =$L18 * 0.7 -> 2.8 | Q18: =SUM($L18:$N18) -> 8
F19: Xoá sample text type | L19: 4 | M19: =$L19 * 0.7 -> 2.8 | N19: =$L19 * 0.3 -> 1.2 | O19: =L19*$L$6 -> 3.2 | P19: =$L19 * 0.7 -> 2.8 | Q19: =SUM($L19:$N19) -> 8
D20: Quản lý sample texts | F20: Danh sách sample texts filter theo type | L20: 8 | M20: =$L20 * 0.7 -> 5.6 | N20: =$L20 * 0.3 -> 2.4 | O20: =L20*$L$6 -> 6.4 | P20: =$L20 * 0.7 -> 5.6 | Q20: =SUM($L20:$N20) -> 16
F21: Thêm sample text | L21: 4 | M21: =$L21 * 0.7 -> 2.8 | N21: =$L21 * 0.3 -> 1.2 | O21: =L21*$L$6 -> 3.2 | P21: =$L21 * 0.7 -> 2.8 | Q21: =SUM($L21:$N21) -> 8
F22: Sửa sample text | L22: 4 | M22: =$L22 * 0.7 -> 2.8 | N22: =$L22 * 0.3 -> 1.2 | O22: =L22*$L$6 -> 3.2 | P22: =$L22 * 0.7 -> 2.8 | Q22: =SUM($L22:$N22) -> 8
F23: Xoá sample text | L23: 4 | M23: =$L23 * 0.7 -> 2.8 | N23: =$L23 * 0.3 -> 1.2 | O23: =L23*$L$6 -> 3.2 | P23: =$L23 * 0.7 -> 2.8 | Q23: =SUM($L23:$N23) -> 8
C24: 4.4 | D24: Áp dụng lấy sample texts từ database vào trang edit design | L24: 8 | M24: =$L24 * 0.7 -> 5.6 | N24: =$L24 * 0.3 -> 2.4 | O24: =L24*$L$6 -> 6.4 | P24: =$L24 * 0.7 -> 5.6 | Q24: =SUM($L24:$N24) -> 16
C25: 4.5 | D25: Quản lý layouts | F25: Danh sách layouts | L25: 8 | M25: =$L25 * 0.7 -> 5.6 | N25: =$L25 * 0.3 -> 2.4 | O25: =L25*$L$6 -> 6.4 | P25: =$L25 * 0.7 -> 5.6 | Q25: =SUM($L25:$N25) -> 16
F26: Thêm layout | L26: 16 | M26: =$L26 * 0.7 -> 11.2 | N26: =$L26 * 0.3 -> 4.8 | O26: =L26*$L$6 -> 12.8 | P26: =$L26 * 0.7 -> 11.2 | Q26: =SUM($L26:$N26) -> 32
F27: Sửa layout | L27: 8 | M27: =$L27 * 0.7 -> 5.6 | N27: =$L27 * 0.3 -> 2.4 | O27: =L27*$L$6 -> 6.4 | P27: =$L27 * 0.7 -> 5.6 | Q27: =SUM($L27:$N27) -> 16
F28: Xoá layout | L28: 4 | M28: =$L28 * 0.7 -> 2.8 | N28: =$L28 * 0.3 -> 1.2 | O28: =L28*$L$6 -> 3.2 | P28: =$L28 * 0.7 -> 2.8 | Q28: =SUM($L28:$N28) -> 8
C29: 4.6 | D29: Quảy lý fonts | F29: Danh sách fonts | L29: 8 | M29: =$L29 * 0.7 -> 5.6 | N29: =$L29 * 0.3 -> 2.4 | O29: =L29*$L$6 -> 6.4 | P29: =$L29 * 0.7 -> 5.6 | Q29: =SUM($L29:$N29) -> 16
F30: Thêm font | L30: 16 | M30: =$L30 * 0.7 -> 11.2 | N30: =$L30 * 0.3 -> 4.8 | O30: =L30*$L$6 -> 12.8 | P30: =$L30 * 0.7 -> 11.2 | Q30: =SUM($L30:$N30) -> 32
F31: Sửa font | L31: 8 | M31: =$L31 * 0.7 -> 5.6 | N31: =$L31 * 0.3 -> 2.4 | O31: =L31*$L$6 -> 6.4 | P31: =$L31 * 0.7 -> 5.6 | Q31: =SUM($L31:$N31) -> 16
F32: Xoá font | L32: 4 | M32: =$L32 * 0.7 -> 2.8 | N32: =$L32 * 0.3 -> 1.2 | O32: =L32*$L$6 -> 3.2 | P32: =$L32 * 0.7 -> 2.8 | Q32: =SUM($L32:$N32) -> 8
C33: 4.7 | D33: Quản lý validation rules | E33: _x0008_ | F33: Danh sách _x0008_validation rules | L33: 8 | M33: =$L33 * 0.7 -> 5.6 | N33: =$L33 * 0.3 -> 2.4 | O33: =L33*$L$6 -> 6.4 | P33: =$L33 * 0.7 -> 5.6 | Q33: =SUM($L33:$N33) -> 16
F34: Thêm validation rule | L34: 32 | M34: =$L34 * 0.7 -> 22.4 | N34: =$L34 * 0.3 -> 9.6 | O34: =L34*$L$6 -> 25.6 | P34: =$L34 * 0.7 -> 22.4 | Q34: =SUM($L34:$N34) -> 64
F35: Sửa validation rule | L35: 8 | M35: =$L35 * 0.7 -> 5.6 | N35: =$L35 * 0.3 -> 2.4 | O35: =L35*$L$6 -> 6.4 | P35: =$L35 * 0.7 -> 5.6 | Q35: =SUM($L35:$N35) -> 16
F36: Xoá validation rule | L36: 4 | M36: =$L36 * 0.7 -> 2.8 | N36: =$L36 * 0.3 -> 1.2 | O36: =L36*$L$6 -> 3.2 | P36: =$L36 * 0.7 -> 2.8 | Q36: =SUM($L36:$N36) -> 8
C37: 4.8 | D37: Áp dụng validation rules vào input form | L37: 32 | M37: =$L37 * 0.7 -> 22.4 | N37: =$L37 * 0.3 -> 9.6 | O37: =L37*$L$6 -> 25.6 | P37: =$L37 * 0.7 -> 22.4 | Q37: =SUM($L37:$N37) -> 64
A38: 4 | B38: 5. Logging | C38: 5.1 | D38: Logging by php code | E38: Log management | F38: Quản lý logs | L38: 12 | M38: =$L38 * 0.7 -> 8.4 | N38: =$L38 * 0.3 -> 3.6 | O38: =L38*$L$6 -> 9.6 | P38: =$L38 * 0.7 -> 8.4 | Q38: =SUM($L38:$N38) -> 24 | R38: =sum(Q38:Q40) -> 136
F39: Chart | L39: 32 | M39: =$L39 * 0.7 -> 22.4 | N39: =$L39 * 0.3 -> 9.6 | O39: =L39*$L$6 -> 25.6 | P39: =$L39 * 0.7 -> 22.4 | Q39: =SUM($L39:$N39) -> 64
E40: Log user actions | L40: 24 | M40: =$L40 * 0.7 -> 16.8 | N40: =$L40 * 0.3 -> 7.2 | O40: =L40*$L$6 -> 19.2 | P40: =$L40 * 0.7 -> 16.8 | Q40: =SUM($L40:$N40) -> 48
C41: 5.2 | D41: Logging by google analytics | E41: Update log script | L41: 4 | M41: =$L41 * 0.7 -> 2.8 | N41: =$L41 * 0.3 -> 1.2 | O41: =L41*$L$6 -> 3.2 | P41: =$L41 * 0.7 -> 2.8 | Q41: =SUM($L41:$N41) -> 8
E42: Implement log script | L42: 1 | M42: =$L42 * 0.7 -> 0.7 | N42: =$L42 * 0.3 -> 0.3 | O42: =L42*$L$6 -> 0.8 | P42: =$L42 * 0.7 -> 0.7 | Q42: =SUM($L42:$N42) -> 2

Sheet Raw of 2019 Only B2C Web開発(Back
B1: _x0008_Project NewYear Card | R1: =countif(R12:R923,"◉") -> 79
B2: Team : サーバ | I2: Start | K2: =MIN(I14:I88) -> 0
B3: Last update | I3: End | K3: =MAX(J14:J88) -> 0
B4: Updated by | I4: Fix Bug | K4: 0.3
B5: Total Develop hour | C5: =SUM(P14:P289) -> 2648 | E5: =C5/160 -> 16.55 | I5: Unit Test | K5: 0.7
B6: Total test hour | C6: =SUM(O14:O289) -> 926.8 | E6: =C6/160 -> 5.7925 | I6: API Docs | K6: 0
B7: 注意:
I9: Intergration Test | K9: 0.7
K10: must fill | L10: (auto) | M10: (auto) | N10: (auto) | P10: (auto)
A11: ＃ | B11: Category | C11: Task | D11: 機能 | E11: Sub-task | F11: 要件概要 | G11: Remark | I11: =I2 -> Start | J11: =I3 -> End | K11: Code | L11: UT | M11: Fix bug | N11: API doc | O11: IT | P11: Total Develop | Q11: Role | R11: Implement or not
B12: WEB
A13: 84 | B13: 編集 | C13: - Tính năng check đồng ý với nội dung edit | D13: ・編集内容の同意チェック機能 | E13: Preview ảnh sản phẩm & đồng ý in bằng checkbox | F13: 仕上がりイメージプレビューで印刷をチェックボックスにて同意 | K13: 16 | L13: =IF(K13>0,K13*$K$5,"") -> 11.2 | M13: =IF(K13>0,K13*$K$4,"") -> 4.8 | O13: =IF(L13>0,K13*$K$9,"") -> 11.2 | P13: =IF(SUM(K13:M13)>0,SUM(K13:M13),"") -> 32 | R13: =vlookup(A13,'機能要件'!$B$3:$K$1000,10,0) -> #REF!
A14: 89 | B14: 編集 | C14: Tính năng tìm kiếm ngoài những chữ Hán thông dụng | D14: 常用漢字外の検索機能 | G14: Xem lại các chữ thường dùng (tần suất/ số lượng chữ hiển thị) ① Tự động show ra các chữ gần giống chữ hán thông dụng đã nhập (AI) ② Truyền đạt bằng text (bao gồm URL của site text tương ứng) ③ Bảng viết tay ④ Upload ảnh | H14: よくある文字の見直し（頻度・表示文字数） ①入力した常用漢字に近い文字を自動で寄せる（AI） ②文字で伝える（該当文字サイトのURL含む) ③手書きパット ④記載写真のアップロード | K14: 24 | L14: 16.8 | M14: 7.2 | O14: 16.8 | P14: 48 | R14: ◉
A15: 91 | B15: 編集 | C15: Tính năng edit tự do | D15: 自由編集機能 | E15: Bố trí button để chỉ những ai muốn tùy ý chỉnh sửa mới bấm được | F15: 自由編集をしたい方のみ押せるボタンを用意 | G15: Sử dụng như tính năng customize, người dùng có thể thực hiện các thao tác chỉnh sửa như nhập text (có thể nhập text dài), phóng to thu nhỏ, chỉnh vị trí... trên màn hình edit Các mục đã nhập trên màn hình edit thông thường sẽ được phản ánh lên màn hình edit tự do | H15: カスタマイズ機能として編集画面で文字入力（長文対応）・拡大縮小・位置など編集操作ができる 通常編集画面で入力した項目は、自由編集画面に反映される | K15: 80 | L15: 56 | M15: 24 | O15: 56 | P15: 160 | R15: ◉
A16: 92 | B16: 編集 | C16: Tính năng alert trên màn hình edit tự do khi có lỗi edit | D16: 自由編集画面にて、編集不具合時のアラート機能 | G16: Tính năng thông báo bằng callout trong các t/h chẳng hạn như chữ bị đè lên nhau | H16: 文字が重なって配置している場合等、吹き出しでお知らせするなどの機能 | K16: 32 | L16: 22.4 | M16: 9.6 | O16: 22.4 | P16: 64 | R16: ◉
A17: 93 | B17: 編集 | C17: Tính năng Back trên màn hình Edit tự do | D17: 自由編集画面にて、戻る機能 | G17: Khác với mũi tên Back của trình duyệt | H17: ブラウザの戻る矢印以外のもの | K17: 16 | L17: 11.2 | M17: 4.8 | O17: 11.2 | P17: 32 | R17: ◉
A18: 96 | C18: Tính năng hiển thị cách sử dụng màn hình edit | D18: 編集画面の使い方の表示機能 | K18: 8 | L18: 5.6 | M18: 2.4 | O18: 5.6 | P18: 16 | R18: ◉
A19: 98 | B19: 年賀状作成 | E19: Có thể xoay (rotate) | F19: 回転に対応する。 | G19: Edit text, ảnh | H19: 配置された文字、画像の編集 | K19: 24 | L19: 16.8 | M19: 7.2 | O19: 16.8 | P19: 48 | R19: ◉
A20: 99 | B20: 年賀状作成 | E20: Có thể thay đổi màu text | F20: 文字色の変更に対応する。 | K20: 24 | L20: 16.8 | M20: 7.2 | O20: 16.8 | P20: 48 | R20: ◉
A21: 100 | B21: 年賀状作成 | E21: Có thể chèn hình ảnh vào | F21: 画像の配置に対応する。 | K21: 24 | L21: 16.8 | M21: 7.2 | O21: 16.8 | P21: 48 | R21: ◉
A22: 101 | B22: 年賀状作成 | E22: Có thể di chuyển | F22: 移動に対応する。 | G22: Edit text, ảnh | H22: 配置された文字、画像の編集 | K22: 24 | L22: 16.8 | M22: 7.2 | O22: 16.8 | P22: 48 | R22: ◉
A23: 102 | B23: 編集 | C23: Tính năng tự động phản ánh mục đã nhập | D23: 入力した項目の自動反映機能 | G23: Từng text nhập vào sẽ tự động hiển thị mà không cần bấm vào button "プレビューを更新/Update preview" | H23: 「プレビューを更新」等を押さなくても、入力文字単位で表示される | K23: 24 | L23: 16.8 | M23: 7.2 | O23: 16.8 | P23: 48 | R23: ◉
A24: 103 | B24: 編集 | C24: Tính năng paint kết quả đã chọn | D24: 選択結果のペイント機能 | G24: Làm kiểu paint thay vì radio button để người dùng dễ dàng nhận biết đâu là cái mình đang chọn | H24: 選択しているものを理解しやすいように、ラジオボタンではなくペイント式にする | K24: 24 | L24: 16.8 | M24: 7.2 | O24: 16.8 | P24: 48 | R24: ◉
A25: 106 | B25: 編集 | C25: Tính năng Edit trên 1 trang | D25: 1ページでの編集機能 | E25: Chọn cá nhân hoặc tổ chức | F25: 個人用・法人用の選択 | K25: 4 | L25: 2.8 | M25: 1.2 | O25: 2.8 | P25: 8 | R25: ◉
A26: 107 | B26: 編集 | E26: Nhập item in ấn | F26: 印刷項目の入力 | G26: Dành cho cá nhân Mã bưu điện/ địa chỉ 1 / địa chỉ 2 / địa chỉ 3 / địa chỉ 4 Tên người gửi / list tên 1 / list tên 2 / list tên 3 / list tên 4 / list tên 5 / list tên 6 / list tên 7 / list tên 8 Với tên, có các mục nhập như: Họ cũ/ tuổi / furigana / bí danh... Nhập số bao gồm SĐT/ Số FAX Email / URL | H26: 個人用 郵便番号・住所１・住所2・住所3・住所４ 差出人名・連名1・連名2・連名3・連名4・連名5・連名6・連名7・連名8 名に対する 旧姓・年齢・ふりがな・雅号等の入力項目 電話・ＦＡＸ番号 表記を含めた 番号入力 Eメール・URL | K26: 24 | L26: 16.8 | M26: 7.2 | O26: 16.8 | P26: 48 | R26: ◉
A27: 109 | B27: 編集 | E27: Các item in ấn khác | F27: その他印刷項目 | G27: Hiển thị Font chữ, đoạn chào hỏi / chỉnh sửa đoạn text mẫu / input free text Upload logo data | H27: 書体・挨拶文の表示・定型文章の修正・フリー文章の入力項目 ロゴデータのアップロード | K27: 16 | L27: 11.2 | M27: 4.8 | O27: 11.2 | P27: 32 | R27: ◉
A28: 110 | B28: 編集 | E28: Hiển thị preview | F28: プレビューの表示 | G28: Phóng to preview Hiển thị cả nhiều design khác | H28: プレビューの拡大 他の複数デザインでも表示 | K28: 16 | L28: 11.2 | M28: 4.8 | O28: 11.2 | P28: 32 | R28: ◉
A29: 113 | B29: 編集 | E29: Tính năng cho viết text ghi chú | F29: 添え書き文対応機能 | K29: 4 | L29: 2.8 | M29: 1.2 | O29: 2.8 | P29: 8 | R29: ◉
A30: 115 | B30: 年賀状作成 | C30: Tính năng chọn text | D30: 文章選択機能 | E30: Người dùng có thể chọn đoạn text mẫu | F30: 定型文の選択に対応する。 | K30: 8 | L30: 5.6 | M30: 2.4 | O30: 5.6 | P30: 16 | R30: ◉
A31: 116 | B31: 年賀状作成 | C31: Tính năng nhập mã bưu điện, địa chỉ | D31: 郵便番号住所入力機能 | E31: Người dùng có thể nhập địa chỉ bằng từ điển zipcode | F31: 郵便番号辞書による住所入力に対応する。 | G31: - Áp dụng cho tất cả các vị trí nhập địa chỉ trong hệ thống này - Sau khi nhập 7 số zipcode (không có dấu hyphen), tự động hiển thị địa chỉ mà không cần bấm button Submit | H31: ・本システム内での住所入力箇所全てで対応する。 ・郵便番号7桁（ハイフンなし）入力後、確定ボタンを押下しなくても、住所表示に対応する。 | K31: 16 | L31: 11.2 | M31: 4.8 | O31: 11.2 | P31: 32 | R31: ◉
A32: 117 | B32: 年賀状作成 | C32: Tính năng chọn layout | D32: レイアウト選択機能 | E32: Người dùng có thể chọn layout mong muốn | F32: 希望のレイアウトを選択できる | K32: 16 | L32: 11.2 | M32: 4.8 | O32: 11.2 | P32: 32 | R32: ◉
A33: 118 | B33: 年賀状作成 | C33: Tính năng tự động thiết lập input mode | D33: 入力モード自動設定機能 | E33: Tự động thiết lập input mode phù hợp với các loại khung input | F33: 自動で、各種入力枠に適した入力モードに対応する。 | G33: Áp dụng cho tất cả các khung input trong hệ thống này Zipcode, mail address... | H33: 本システム内での各種入力枠全てで対応する。 郵便番号、メールアドレス等 | K33: 16 | L33: 11.2 | M33: 4.8 | O33: 11.2 | P33: 32 | R33: ◉
A34: 119 | B34: 年賀状作成 | C34: Tính năng check input | D34: 入力チェック機能 | E34: Có thể hiển thị lỗi cho nội dung input | F34: 入力内容エラー表示に対応する。 | G34: Hiển thị nội dung lỗi ở gần khung input | H34: 入力枠付近にエラー内容を表示する。 | K34: 16 | L34: 11.2 | M34: 4.8 | O34: 11.2 | P34: 32 | R34: ◉
A35: 120 | B35: 年賀状作成 | C35: Tính năng tự động sắp xếp theo layout | D35: レイアウト自動組版機能 | E35: Tự động sắp xếp phần thông tin người gửi & người nhận theo layout | F35: 差出人及び宛名の自動組版に対応する。 | G35: Tự động sắp layout theo tên công ty, địa chỉ | H35: 会社名、住所を元にレイアウト自動組版に対応する。 | K35: 32 | L35: 22.4 | M35: 9.6 | O35: 22.4 | P35: 64 | R35: ◉
A36: 121 | B36: 年賀状作成 | C36: Tính năng Edit layout | D36: レイアウト編集機能 | E36: Có thể phóng to, thu nhỏ | F36: 拡大縮小に対応する。 | G36: Edit text, ảnh | H36: 配置された文字、画像の編集 | K36: 16 | L36: 11.2 | M36: 4.8 | O36: 11.2 | P36: 32 | R36: ◉
A37: 122 | B37: 年賀状作成 | C37: Tính năng preview bản hoàn thiện (image) | D37: 仕上がりイメージプレビュー機能 | E37: Hiển thị kết quả (image) | F37: 仕上がり表示に対応する。 | G37: - Người dùng có thể biết được kích cỡ sau khi hoàn thiện - Người dùng cũng biết được kích cỡ hoàn thiện thực tế trong trường hợp phải cắt 4 bên của bưu thiếp sau khi dán vào nhau | H37: ・仕上がりサイズが分かるようにする。 ・貼り合わせ後、はがき四辺を断裁するケースの実仕上がりサイズも分かる。 | K37: 40 | L37: 28 | M37: 12 | O37: 28 | P37: 80 | R37: ◉
A38: 124 | C38: Tính năng đổi thành sample text (người dùng có thể tự mình chỉnh sửa text) | D38: 見本文章に変更する機能（自分自身で文章を修正できるようにする） | G38: Tính năng đổi thành sample text (người dùng có thể tự mình chỉnh sửa text) | H38: 見本文章に変更する機能（自分自身で文章を修正できるようにする） | K38: 8 | L38: 5.6 | M38: 2.4 | O38: 5.6 | P38: 16 | R38: ◉
A39: 125 | B39: 写真 | C39: Tính năng cho phép upload ảnh | D39: 写真のアップロードができる機能 | K39: 16 | L39: 11.2 | M39: 4.8 | O39: 11.2 | P39: 32 | R39: ◉
A40: 127 | B40: 写真 | C40: Tính năng không cho chọn button Next cho đến khi upload ảnh | D40: 写真をアップロードするまで、進むボタンが選択できない機能 | K40: 8 | L40: 5.6 | M40: 2.4 | O40: 5.6 | P40: 16 | R40: ◉
A41: 128 | B41: 写真 | C41: Tính năng Edit ảnh | D41: 写真の編集機能 | G41: Người dùng có thể chỉnh vị trí ảnh, phóng to, thu nhỏ, chỉnh độ sáng | H41: 写真の位置、拡大縮小、明るさの編集ができる | K41: 32 | L41: 22.4 | M41: 9.6 | O41: 22.4 | P41: 64 | R41: ◉
A42: 129 | B42: 写真 | C42: Tính năng không cho chọn button Next cho đến khi hoàn tất chỉnh sửa | D42: 編集完了するまで、進むボタンが選択できない機能 | K42: 16 | L42: 11.2 | M42: 4.8 | O42: 11.2 | P42: 32 | R42: ◉
A43: 130 | B43: 差出人 | C43: Tính năng chọn in list tên với kích cỡ nhỏ | D43: 連名のお名前を小さく印刷を選べる機能 | G43: Tính năng chọn in list tên với kích cỡ nhỏ | H43: 連名のお名前を小さく印刷を選べる機能 | K43: 16 | L43: 11.2 | M43: 4.8 | O43: 11.2 | P43: 32 | R43: ◉
A44: 134 | B44: 文章選択 | C44: Tính năng cho phép chọn category của text theo kiểu pulldown | D44: プルダウン式で、文章のカテゴリを選択できる機能 | K44: 8 | L44: 5.6 | M44: 2.4 | O44: 5.6 | P44: 16 | R44: ◉
A45: 135 | B45: 文章選択 | C45: Tính năng cho phép chọn hiển thị niên hiệu theo lịch Tây hay lịch Nhật | D45: 年号の表記を、西暦か和暦から選択できる機能 | G45: Tính năng cho phép chọn hiển thị niên hiệu theo lịch Tây hay lịch Nhật | H45: 年号の表記を、西暦か和暦から選択できる機能 | K45: 24 | L45: 16.8 | M45: 7.2 | O45: 16.8 | P45: 48 | R45: ◉
A46: 137 | B46: 編集 | C46: Tính năng hiển thị ảnh hướng dẫn | D46: 案内画像表示機能 | G46: "弊社は入力内容のチェックをしていません/Chúng tôi không check nội dung bạn đã nhập" (gần giống như màn hình Preview) | H46: 「弊社は入力内容のチェックをしていません」 （プレビュー表示画面付近） | K46: 8 | L46: 5.6 | M46: 2.4 | O46: 5.6 | P46: 16 | R46: ◉
A47: 144 | B47: 宛名 | C47: Tính năng hiển thị ảnh sample trong trường hợp chọn có/không in thông tin người nhận | D47: 宛名有り無し選択のサンプル画像表示機能 | G47: Chọn có/không in thông tin người nhận: không hiển thị bằng text mà hiển thị bằng image | H47: 宛名印刷ありなしの選択を文字ではなく画像表示にする | K47: 8 | L47: 5.6 | M47: 2.4 | O47: 5.6 | P47: 16 | R47: ◉
A48: 147 | C48: Tính năng hiển thị đơn giá in Thông tin người nhận | D48: 宛名単価表示機能 | G48: Hiển thị Giá cơ bản, Đơn giá 1 tấm đã thiết lập (control master) | H48: 設定された 基本料金 一枚あたりの金額を表示（マスタ制御） | K48: 4 | L48: 2.8 | M48: 1.2 | O48: 2.8 | P48: 8 | R48: ◉
A49: 149 | C49: Tính năng hiển thị nội dung lưu ý | D49: 注意事項表示機能 | E49: Nội dung lưu ý | F49: 注意事項 | G49: Nội dung lưu ý sẽ được lưu lại đến cuối tháng 12 năm sau? Cách maintain để gọi dữ liệu ra khi edit Hướng dẫn: ウイルス感染などないよう善良なる努力をするが、破損等の保障は致しません/Chúng tôi sẽ nỗ lực hết sức để dữ liệu không bị nhiễm virus, nhưng không đảm bảo tránh khỏi hư hại Thông tin đến người dùng 1 cách rõ ràng về việc trong vòng 1 năm, chấp nhận cho sửa / hủy cái gì, đến mức độ nào | H49: 次年度12月末まで保管するか 編集 呼び出しメンテの仕方 ウイルス感染などないよう善良なる努力をするが、破損等の保障は致しません ご案内 1時間以内に何がどこまで修正・キャンセル承れるかを明確に伝える | K49: 16 | L49: 11.2 | M49: 4.8 | O49: 11.2 | P49: 32 | R49: ◉
A50: 150 | C50: Tính năng hiển thị quy tắc về Thông tin người nhận | D50: 宛名規約表示機能 | E50: Checkbox: có sử dụng dịch vụ in Thông tin người nhận không | F50: 宛名印刷を利用するか チェックボックス | G50: Trường hợp đã lưu dữ liệu in thông tin người nhận từ năm trước thì sẽ tự động hiển thị phần thông tin đã lưu | H50: 前年の宛名印刷データを保存している場合は自動でお預かり分を表示する | K50: 16 | L50: 11.2 | M50: 4.8 | O50: 11.2 | P50: 32 | R50: ◉
A51: 151 | C51: Tính năng nhập từng Thông tin người nhận, Import & Export thông tin người nhận | D51: 1件ずつの入力、宛名インポート、エクスポート機能 | E51: Các mục input cho Thông tin người nhận | F51: 1件ずつ入力項目 | G51: Họ tên + hậu tố kính ngữ (tối đa tên 6 người trong gia đình), zipcode, prefecture/city/street/apartment name | H51: 姓名敬称(6名のご家族連名まで)、郵便番号、都道府県市町村／番地号／マンションアパート名 | K51: 32 | L51: 22.4 | M51: 9.6 | O51: 22.4 | P51: 64 | R51: ◉
A52: 152 | C52: Tính năng import: Loại | D52: インポート機能 種類 | G52: File CSV tạo từ ① Template excel, ② Phần mềm thông tin người nhận, ③Sansan, ④ Khác | H52: ①推奨エクセルテンプレート、②宛名ソフト筆まめなど、③Sansan、④その他で作成したCSVファイル | K52: 32 | L52: 22.4 | M52: 9.6 | O52: 22.4 | P52: 64 | R52: ◉
A53: 153 | C53: Tính năng import: Cách thức | D53: インポート機能 方法 | G53: Cho chọn tên file, thêm file hay upload mới Với option ④: cần đủ item | H53: 追加するのか新規でアップロードするのか、ファイル名を選択させる ④は項目そろえなど必要 | K53: 32 | L53: 22.4 | M53: 9.6 | O53: 22.4 | P53: 64 | R53: ◉
A54: 154 | C54: Tính năng chọn font chữ của Thông tin người nhận | D54: 宛名書体選択機能 | K54: 16 | L54: 11.2 | M54: 4.8 | O54: 11.2 | P54: 32 | R54: ◉
A55: 155 | C55: Tính năng Preview | D55: プレビュー機能 | G55: Hiển thị hình ảnh Thông tin người nhận . 1 màn hình cho khoảng 8 ảnh? Lý tưởng nhất là khi click vào là có thể chỉnh sửa được | H55: 宛名イメージを表示 1画面8枚程度？入れる 理想はクリックすると修正編集できる | K55: 16 | L55: 11.2 | M55: 4.8 | O55: 11.2 | P55: 32 | R55: ◉
A56: 157 | B56: 宛名作成 | C56: Tính năng chọn Thông tin người nhận | D56: 宛名選択機能 | E56: Người dùng có thể chọn đối tượng in từ Thông tin người nhận đã đăng ký trước đó | F56: 登録済の宛名から印刷対象の選択に対応する。 | G56: Mặc định có thể là: Flag có thể in, bỏ flag, bỏ tất, xóa tất... | H56: デフォルトは印刷可能フラグ、フラグを外す、全て外す、全てを削除するなど | K56: 16 | L56: 11.2 | M56: 4.8 | O56: 11.2 | P56: 32 | R56: ◉
A57: 158 | B57: 宛名作成 | C57: Tính năng đăng ký mới thông tin người nhận | D57: 宛名新規登録機能 | E57: Có thể đăng ký mới thông tin người nhận | F57: 宛名の新規登録に対応する。 | K57: 16 | L57: 11.2 | M57: 4.8 | O57: 11.2 | P57: 32 | R57: ◉
A58: 159 | B58: 宛名作成 | C58: Tính năng chọn layout cho thông tin người nhận | D58: 宛名組版選択機能 | E58: Người dùng có thể chọn sắp chữ theo chiều dọc hay chiều ngang | F58: 縦組み、横組みの選択に対応する。 | K58: 32 | L58: 22.4 | M58: 9.6 | O58: 22.4 | P58: 64 | R58: ◉
A59: 160 | B59: 宛名作成 | C59: Tính năng chọn font chữ in | D59: 印刷書体選択機能 | E59: Người dùng có thể chọn font chữ | F59: 書体の選択に対応する。 | K59: 16 | L59: 11.2 | M59: 4.8 | O59: 11.2 | P59: 32 | R59: ◉
A60: 161 | B60: 宛名作成 | C60: Tính năng tạo chữ ngoại lai | D60: 外字作成機能 | E60: Người dùng có thể tạo chữ ngoại lai | F60: 外字作成に対応する。 | K60: 8 | L60: 5.6 | M60: 2.4 | O60: 5.6 | P60: 16 | R60: ◉
A61: 162 | B61: 宛名作成 | C61: Tính năng preview thông tin người nhận | D61: 宛名仕上がりイメージプレビュー機能 | E61: Người dùng có thể confirm layout của phần thông tin người nhận | F61: 宛名レイアウトの確認に対応する。 | G61: - Có thể check xem có bị sắp lệch hay bị chồng lên nhau không - Có thể check phần thông tin người nhận của nhiều bưu thiếp 1 cách hiệu quả | H61: ・組版崩れや重なりがないかの確認に対応する。 ・複数枚の宛名を効率よく確認できるようにする。 | K61: 24 | L61: 16.8 | M61: 7.2 | O61: 16.8 | P61: 48 | R61: ◉
A62: 163 | B62: 宛名作成 | C62: Tính năng Edit layout của phần thông tin người nhận | D62: 宛名レイアウト編集機能 | E62: Có thể phóng to, thu nhỏ | F62: 拡大縮小に対応する。 | G62: Edit text, ảnh | H62: 配置された文字、画像の編集 | K62: 24 | L62: 16.8 | M62: 7.2 | O62: 16.8 | P62: 48 | R62: ◉
A63: 164 | B63: 宛名作成 | E63: Có thể thay đổi thứ tự cái nào chồng lên cái nào | F63: 重なり順変更に対応する。 | G63: Edit text, ảnh | H63: 配置された文字、画像の編集 | K63: 24 | L63: 16.8 | M63: 7.2 | O63: 16.8 | P63: 48 | R63: ◉
A64: 165 | B64: 宛名作成 | E64: Có thể xoay (rotate) | F64: 回転に対応する。 | G64: Edit text, ảnh | H64: 配置された文字、画像の編集 | K64: 24 | L64: 16.8 | M64: 7.2 | O64: 16.8 | P64: 48 | R64: ◉
A65: 166 | B65: 宛名作成 | E65: Có thể thay đổi màu text | F65: 文字色の変更に対応する。 | K65: 24 | L65: 16.8 | M65: 7.2 | O65: 16.8 | P65: 48 | R65: ◉
A66: 167 | B66: 宛名作成 | E66: Có thể hủy bỏ (cancel) | F66: 取り消しに対応する。 | G66: Tính năng Undo, có thể back lại trạng thái của 10 thao tác trước | H66: アンドゥ機能、10個前の状態まで戻れるようにする。 | K66: 40 | L66: 28 | M66: 12 | O66: 28 | P66: 80 | R66: ◉
A67: 168 | B67: 宛名作成 | E67: Có thể cho hình ảnh vào | F67: 画像の配置に対応する。 | K67: 16 | L67: 11.2 | M67: 4.8 | O67: 11.2 | P67: 32 | R67: ◉
A68: 169 | B68: 宛名作成 | E68: Có thể di chuyển | F68: 移動に対応する。 | G68: Edit text, ảnh | H68: 配置された文字、画像の編集 | K68: 24 | L68: 16.8 | M68: 7.2 | O68: 16.8 | P68: 48 | R68: ◉
A69: 170 | B69: 宛名作成 | E69: Có thể nhập tên (họ) | F69: お名前（姓）の入力に対応する。 | K69: 4 | L69: 2.8 | M69: 1.2 | O69: 2.8 | P69: 8 | R69: ◉
A70: 171 | B70: 宛名作成 | E70: Có thể nhập tên (tên) | F70: お名前（名）の入力に対応する。 | K70: 4 | L70: 2.8 | M70: 1.2 | O70: 2.8 | P70: 8 | R70: ◉
A71: 172 | B71: 宛名作成 | E71: Có thể chọn hậu tố kính ngữ | F71: 敬称の選択に対応する。 | G71: Chọn trong số các hậu tố: 様、殿、御中、先生、ちゃん、くん、Khác (free input) | H71: 様、殿、御中、先生、ちゃん、くん、その他（フリー入力） | K71: 4 | L71: 2.8 | M71: 1.2 | O71: 2.8 | P71: 8 | R71: ◉
A72: 173 | B72: 宛名作成 | E72: Có thể nhập list tên nhiều người (họ) | F72: 連名（姓）の入力に対応する。 | G72: Có thể thêm tối đa 4 người | H72: 最大4名の追加に対応する。 | K72: 16 | L72: 11.2 | M72: 4.8 | O72: 11.2 | P72: 32 | R72: ◉
A73: 174 | B73: 宛名作成 | E73: Có thể nhập list tên nhiều người (tên) | F73: 連名（名）の入力に対応する。 | G73: Có thể thêm tối đa 4 người | H73: 最大4名の追加に対応する。 | K73: 16 | L73: 11.2 | M73: 4.8 | O73: 11.2 | P73: 32 | R73: ◉
A74: 175 | B74: 宛名作成 | E74: Có thể nhập list tên nhiều người (hậu tố kính ngữ) | F74: 連名（敬称）の入力に対応する。 | G74: Chọn trong số các hậu tố: 様、殿、御中、先生、ちゃん、くん、Khác (free input) | H74: 様、殿、御中、先生、ちゃん、くん、その他（フリー入力） | K74: 4 | L74: 2.8 | M74: 1.2 | O74: 2.8 | P74: 8 | R74: ◉
A75: 176 | B75: 宛名作成 | E75: Có thể nhập list tên (chức vụ) | F75: 連名（役職）の入力に対応する。 | G75: Các chức vụ: 代表取締役、代表取締役社長、取締役、社長、副社長、支社長、会長、副会長、店長、支店長、専務、専務取締役、常務、常務取締役、部長、課長、次長、係長、主任、監査役, Khác (free input) | H75: 代表取締役、代表取締役社長、取締役、社長、副社長、支社長、会長、副会長、店長、支店長、専務、専務取締役、常務、常務取締役、部長、課長、次長、係長、主任、監査役、その他（フリー入力） | K75: 8 | L75: 5.6 | M75: 2.4 | O75: 5.6 | P75: 16 | R75: ◉
A76: 177 | B76: 宛名作成 | E76: Có thể nhập tên công ty | F76: 会社名の入力に対応する。 | K76: 4 | L76: 2.8 | M76: 1.2 | O76: 2.8 | P76: 8 | R76: ◉
A77: 178 | B77: 宛名作成 | E77: Có thể nhập tên phòng ban | F77: 部署名の入力に対応する。 | K77: 4 | L77: 2.8 | M77: 1.2 | O77: 2.8 | P77: 8 | R77: ◉
A78: 179 | B78: 宛名作成 | E78: Có thể nhập tên chức vụ | F78: 役職名の入力に対応する。 | K78: 4 | L78: 2.8 | M78: 1.2 | O78: 2.8 | P78: 8 | R78: ◉
A79: 180 | B79: 宛名作成 | E79: Có thể nhập zipcode | F79: 郵便番号の入力に対応する。 | G79: Nhập 7 ký tự số halfsize, không có dấu hyphen Không phải tìm kiếm zipcode của công ty Bưu điện Nhật Bản, mà khi nhập số zipcode vào thì địa chỉ sẽ được input trực tiếp | H79: ハイフンなし、7桁半角数字で入力。 日本郵便株式会社の郵便番号検索ではなく番号を入れると住所が直接入力される形で | K79: 16 | L79: 11.2 | M79: 4.8 | O79: 11.2 | P79: 32 | R79: ◉
A80: 181 | B80: 宛名作成 | E80: Có thể chọn Prefectures | F80: 都道府県の選択に対応する。 | K80: 8 | L80: 5.6 | M80: 2.4 | O80: 5.6 | P80: 16 | R80: ◉
A81: 182 | B81: 宛名作成 | E81: Có thể nhập City, Street | F81: 市区町村、番地の入力に対応する。 | K81: 4 | L81: 2.8 | M81: 1.2 | O81: 2.8 | P81: 8 | R81: ◉
A82: 183 | B82: 宛名作成 | E82: Có thể nhập Building name | F82: 建物名の入力に対応する。 | K82: 4 | L82: 2.8 | M82: 1.2 | O82: 2.8 | P82: 8 | R82: ◉
A83: 184 | B83: 宛名作成 | E83: Có thể thiết lập Group | F83: グループの設定に対応する。 | K83: 4 | L83: 2.8 | M83: 1.2 | O83: 2.8 | P83: 8 | R83: ◉
A84: 185 | B84: 宛名作成 | E84: Có thể input vào cột Ghi chú | F84: 備考欄の入力に対応する。 | G84: - Không phải thông tin về in ấn mà sẽ nhập thông tin ghi chú về việc gửi bưu thiếp trong năm nay (nếu cần thiết) | H84: ・印刷情報ではなく、今年の送付に対する備忘録として必要に応じて入力。 | K84: 4 | L84: 2.8 | M84: 1.2 | O84: 2.8 | P84: 8 | R84: ◉
A85: 187 | B85: 宛名 | C85: Tính năng hiển thị hình ảnh kiểu chữ mẫu | D85: 書体見本画像の表示機能 | G85: Khi user chọn Thông tin người nhận, hiển thị hình ảnh sample mặt in thông tin người nhận của bưu thiếp với 4 kiểu chữ khác nhau | H85: 宛名選択時、4書体分のはがきの宛名面印刷サンプル画像を表示する | K85: 24 | L85: 16.8 | M85: 7.2 | O85: 16.8 | P85: 48 | R85: ◉
A86: 188 | B86: 宛名 | C86: Tính năng tìm kiếm chữ cổ | D86: 旧字検索機能 | E86: Xem lại các chữ thường dùng (tần suất/ số lượng chữ hiển thị) | F86: よくある文字の見直し（頻度・表示文字数） | G86: ① Tự động show ra các chữ gần giống chữ hán thông dụng đã nhập (AI) ② Truyền đạt bằng text (bao gồm URL của site text tương ứng) ③ Bảng viết tay ④ Upload ảnh | H86: ①入力した常用漢字に近い文字を自動で寄せる（AI） ②文字で伝える（該当文字サイトのURL含む) ③手書きパット ④記載写真のアップロード | O86: 0 | R86: ◉
A87: 190 | C87: Tính năng hủy bỏ Thông tin người nhận | D87: 宛名取りやめ機能 | G87: Chuyển đến màn hình chọn số lượng | H87: 枚数選択画面へ進む | K87: 4 | L87: 2.8 | M87: 1.2 | O87: 2.8 | P87: 8 | R87: ◉
A88: 191 | C88: Tính năng hiển thị hướng dẫn khi nhập thiếu | D88: 入力モレがある場合、案内の表示が出る機能 | G88: Tính năng hiển thị hướng dẫn khi nhập thiếu Bôi đỏ mục nhập thiếu Không xóa space để có thể viết tay được | H88: 入力モレがある場合、案内の表示が出る機能 抜けている項目を赤くする 手書き対応ができるようにスペース削除はしない | K88: 16 | L88: 11.2 | M88: 4.8 | O88: 11.2 | P88: 32 | R88: ◉
A89: 192 | C89: Tính năng Edit từ màn hình Preview thông tin người nhận | D89: 宛名プレビュー画面からの編集機能 | G89: Tính năng cho phép edit nội dung đã input của thông tin người nhận, chọn in hay không in, chọn địa chỉ người nhận là nhà riêng hay công ty | H89: 各宛名の入力内容の編集、印刷するしないの選択、宛名住所が自宅か会社か、を選択できる機能 | K89: 16 | L89: 11.2 | M89: 4.8 | O89: 11.2 | P89: 32 | R89: ◉
A90: 196 | B90: 枚数入力 | C90: Tính năng nhập số lượng in | D90: 印刷枚数入力機能 | G90: Hiển thị: Giá in, tiền bưu thiếp, phí option, % chiết khấu, giá giảm, tổng Ví dụ hiển thị phần số lượng: In kèm thông tin: 100 chiếc / In thông tin ngưởi gửi: 80 chiếc | H90: 印刷代、はがき代、オプション代、割引率、値引き額、合計表示対応 枚数部分表示例 名入れ印刷 100枚 ・ 宛名印刷 80枚 | K90: 8 | L90: 5.6 | M90: 2.4 | O90: 5.6 | P90: 16 | R90: ◉
A91: 202 | C91: Tính năng hiển thị thông tin của design | D91: 購入デザインの情報表示機能 | K91: 8 | L91: 5.6 | M91: 2.4 | O91: 5.6 | P91: 16 | R91: ◉
A92: 207 | B92: カート | C92: Tính năng chỉnh sửa | D92: 修正機能 | G92: Tính năng cho phép chọn "名入れの修正/Chỉnh sửa thông tin in kèm", "宛名の修正/Chỉnh sửa thông tin người nhận" | H92: 「名入れの修正」「宛名の修正」を選択できる機能 | K92: 16 | L92: 11.2 | M92: 4.8 | O92: 11.2 | P92: 32 | R92: ◉

Sheet Copy of (SP) MH nhập thông tin 
B1: 1. Hiển thị mặc định | X1: 2. Khi input | AT1: 3. Hiển thị error/help | BN1: 4. Hiển thị mục "Tổ chức" | CJ1: 5. Hiển thị chuỗi tên | DF1: 6. Hiển thị họ cũ, furigana | EB1: 7. Màn hình edit
B3: 1-1. Ngoại trừ "住所/Địa chỉ", "建物名/Tên tòa nhà" ra, | X3: 2-1. Khi bấm vào button "会員情報で入力/Input bằng | AT3: 3-1. Hiển thị lỗi inline | BN3: 4-1. Khi bấm vào button "+法人項目追加/thêm trường | CJ3: 5-1. Mỗi lần bấm vào button "+連名を追加/thêm chuỗi | DF3: 6-1. Bấm vào button "+旧姓、ふりがなを追加/ | EB3: 7-1. Thay đổi màu text
C4: tất cả đều là trường required | Y4: thông tin thành viên" thì sẽ phản ánh thông tin thành viên | BO4: tổ chức" thì không bắt buộc phải nhập họ tên nữa | CK4: tên" là thêm 1 tên | DG4: Thêm họ cũ, furigana" để thêm trường
B5: 1-2. Hỗ trợ input bằng placeholder | X5: 2-2. Số điện thoại là số halfsize, dù nhập fullsize thì | AT5: 3-2. Không sử dụng realtime alert khi đang input dở | CJ5: 5-2. Bấm butotn "x" để xóa chuỗi tên vừa thêm | EB5: 7-2. Thay đổi cỡ chữ
Y6: cũng tự động chuyển thành halfsize
X7: 2-3. Mã bưu điện là số halfsize, dù nhập fullsize thì cũng | AT7: 3-3. Help text hiển thị theo minh họa dưới đây | EB7: 7-3. Thay đổi font
Y8: tự động chuyển thành halfsize
X9: 2-4. Khi nhập "Mã bưu điện", tự động nhập địa chỉ realtime | EB9: 7-4. Thay đổi căn lề
X10: 2-5. Khi nhập "Email", tự động check tên domain | BN10: Header (chung với phía EC) | EB10: 7-5. Thay đổi text mẫu
EB11: 7-6 . Bố trí ảnh
BN12: ＜ 戻る/Back | BR12: 差出人情報入力/ Nhập thông tin người gửi | CB12: 次へ/Next ＞ | EB12: 7-7. Phóng to, thu nhỏ (vùng text, ảnh)
EB13: 7-8. Di chuyển (vùng text, ảnh)
EB14: 7-9. Xoay (vùng text, ảnh)
BQ15: 会員登録情報で入力/Nhập bằng thông tin đăng ký thành viên | EB15: 7-10. Phóng to, thu nhỏ preview (100%, 125%, 150%, 200%)
EB16: 7-11. Undo (tối đa có thể back lại 10 lần)
EB17: 7-12. Thay đổi design
BQ18: + 法人項目を追加/Thêm trường Tổ chức | EB18: 7-13. Thêm khung nhập free text (tối đa 3 khung)
AC19: Việc nhập chữ ngoại lai thì sao? | EB19: 7-14.Tính năng stamp (nếu không tạo được stamp kiểu hiện đại thì không cần)
EB20: 7-15. Màn hình edit - help page
BP21: 会社名/Tên công ty | BS21: 必須/Required | EB21: 7-16. Hiển thị khung đỏ phạm vi cutting (nếu có thể hiển thị kích thước hoàn thiện cho tất cả design thì không cần)
BP22: 株式会社マイプリント/Công ty cổ phần MYPRINT | EB22: 7-17. Nhập biểu tượng cảm xúc, emoji
BP25: 部署名/Tên phòng ban
B26: Header (chung với phía EC) | X26: Header (chung với phía EC) | AS26: Header (chung với phía EC) | CJ26: Header (chung với phía EC) | DF26: Header (chung với phía EC) | EB26: Header (chung với phía EC)
B28: ＜ 戻る/ Back | F28: 差出人情報入力/ Nhập thông tin người gửi | P28: 次へ /Next ＞ | X28: ＜ 戻る/ Back | AB28: 差出人情報入力/ Nhập thông tin người gửi | AL28: 次へ/ Next ＞ | AS28: ＜ 戻る/Back | AW28: 差出人情報入力 /Nhập thông tin người gửi | BG28: 次へ/Next ＞ | CJ28: ＜ 戻る/Back | CN28: 差出人情報入力/ Nhập thông tin người gửi | CX28: 次へ/Next ＞ | DF28: ＜ 戻る/Back | DJ28: 差出人情報入力/ Nhập thông tin người gửi | DT28: 次へ/Next ＞ | EB28: × | EF28: デザイン編集画面/ Màn hình chỉnh sửa design | EP28: 保存/Save
BP29: 役職/Chức vụ
E31: 会員登録情報で入力/ Nhập bằng thông tin đăng ký thành viên | AA31: 会員登録情報で入力/ Nhập bằng thông tin đăng ký thành viên | AV31: 会員登録情報で入力/Nhập bằng thông tin đăng ký thành viên | CM31: 会員登録情報で入力/Nhập bằng thông tin đăng ký thành viên | DI31: 会員登録情報で入力/Nhập bằng thông tin đăng ký thành viên
BP33: URL
E34: + 法人項目を追加/ Thêm trường Tổ chức | AA34: + 法人項目を追加/ Thêm trường Tổ chức | AV34: + 法人項目を追加/Thêm trường Tổ chức | CM34: + 法人項目を追加/Thêm trường Tổ chức | DI34: + 法人項目を追加/Thêm trường Tổ chức
D37: 姓/Họ | E37: 必須/ Required | K37: 名/Tên | L37: 必須/ Required | Z37: 姓/Họ | AA37: 必須/Required | AG37: 名/Tên | AH37: 必須/Required | AU37: 姓/Họ | AV37: 必須/Required | BB37: 名/Tên | BC37: 必須/Required | BP37: 姓/Họ | BW37: 名/Tên | CL37: 姓/Họ | CM37: 必須/Required | CS37: 名/Tên | CT37: 必須/Required | DH37: 姓/Họ | DI37: 必須/Required | DO37: 名/Tên | DP37: 必須/Required
E41: + 旧姓、ふりがなを追加/ Thêm họ cũ, furigana | AA41: + 旧姓、ふりがなを追加/Thêm họ cũ, furigana | AV41: + 旧姓、ふりがなを追加/Thêm họ cũ, furigana | CM41: + 旧姓、ふりがなを追加/Thêm họ cũ, furigana | DH41: 姓（ふりがな）/Họ (furigana) | DO41: 名（ふりがな）/Tên (furigana)
E44: + 連名を追加/Thêm chuỗi tên | AA44: + 連名を追加/Thêm chuỗi tên | AV44: + 連名を追加/Thêm chuỗi tên | BQ44: + 連名を追加/Thêm chuỗi tên | CM44: + 連名を追加/Thêm chuỗi tên
DO45: 旧姓/Họ cũ
D47: 郵便番号/Mã bưu điện | H47: 必須/ Required | Z47: 郵便番号/Mã bưu điện | AD47: 必須/Required | AU47: 郵便番号/Mã bưu điện | AY47: 必須/Required | BP47: 郵便番号/Mã bưu điện | BT47: 必須/Required | CL47: 別姓の場合のみ姓を入力してください/Chỉ nhập Họ trong trường hợp là Họ khác
D48: 数字7桁/7 ký tự số | Z48: 1000005 | AU48: 1000005 | BP48: 1000005 | CL48: １人目/Người thứ 1
CL49: 姓/Họ | CS49: 名/Tên | DI49: + 旧姓、ふりがなを追加/Thêm họ cũ, furigana
D51: 住所/ Địa chỉ | F51: 必須/ Required | Z51: 住所/Địa chỉ | AB51: 必須/Required | AU51: 住所/Địa chỉ | AW51: 必須/Required | BP51: 住所/Địa chỉ | BR51: 必須/Required
D52: 都道府県/Prefectures | Z52: 東京都/Tokyo | AU52: 東京都/Tokyo | BP52: 東京都/Tokyo | DI52: + 連名を追加/Thêm chuỗi tên
CL53: 2人目/Người thứ 2
CL54: 姓/Họ | CS54: 名/Tên
D55: 市区町村郡/City | Z55: 千代田区丸の内/Marunouchi, quận Chiyoda | BP55: 千代田区丸の内/Marunouchi, quận Chiyoda | DH55: 別姓の場合のみ姓を入力してください/Chỉ nhập Họ trong trường hợp là Họ khác
DH56: １人目/Người thứ 1
AU57: 市区町村郡を入力してください/Hãy nhập Thành phố, quận, huyện | DH57: 姓/Họ | DO57: 名/Tên
D58: 番地/Số hiệu khu dân cư | Z58: 3-1-1 | AU58: 3-1-1 | BP58: 3-1-1 | CL58: 3人目/Người thứ 3 | EB58: Footer (chung với phía EC)
CL59: 姓/Họ | CS59: 名/Tên
D61: 建物名/Tên tòa nhà | BP61: ●●●●●ビル/Tòa ●●●●● | DH61: 姓（ふりがな）/Họ (furigana) | DO61: 名（ふりがな）/Tên (furigana)
CL63: 4人目/Người thứ 4 | EB63: 7-1. Thay đổi màu text | EX63: 7-2. Thay đổi cỡ chữ | FT63: 7-3. Thay đổi font | GP63: 7-4. Thay đổi căn lề | HL63: 7-5. Thay đổi text mẫu
D64: 電話番号/Số điện thoại | Z64: 電話番号/Số điện thoại | AU64: 電話番号/Số điện thoại | BP64: 電話番号/Số điện thoại | CL64: 姓/Họ | CS64: 名/Tên
H65: ー | M65: ー | Z65: 090 | AD65: ー | AE65: 1234 | AI65: ー | AJ65: 5678 | AU65: 090 | AY65: ー | AZ65: 1234 | BD65: ー | BE65: 5678 | BP65: 090 | BT65: ー | BU65: 1234 | BY65: ー | BZ65: 5678 | DO65: 旧姓/Họ cũ | EB65: Header (chung với phía EC) | EX65: Header (chung với phía EC) | FT65: Header (chung với phía EC) | GP65: Header (chung với phía EC) | HL65: Header (chung với phía EC)
EB67: × | EF67: デザイン編集画面/ Màn hình chỉnh sửa design | EP67: 保存/Save | EX67: × | FB67: デザイン編集画面/ Màn hình chỉnh sửa design | FL67: 保存/Save | FT67: × | FX67: デザイン編集画面/ Màn hình chỉnh sửa design | GH67: 保存/Save | GP67: × | GT67: デザイン編集画面/ Màn hình chỉnh sửa design | HD67: 保存/Save | HL67: × | HP67: デザイン編集画面/ Màn hình chỉnh sửa design | HZ67: 保存/Save
D68: メールアドレス/Email | Z68: メールアドレス/Email | AU68: メールアドレス/Email | BP68: メールアドレス/Email | CL68: 5人目/Người thứ 5
Z69: abcde@mxa.myprint.co.jp | BP69: abcde@mxa.myprint.co.jp | CL69: 姓/Họ | CS69: 名/Tên | DI69: + 連名1人目の旧姓、ふりがなを追加/Thêm họ cũ, furigana của người thứ 1 | EB69: 結婚して初めての正月を迎えました 本年もよろしくお願い申し上げます 2018.1.1 | EX69: 結婚して初めての正月を迎えました 本年もよろしくお願い申し上げます 2018.1.1 | FT69: 結婚して初めての正月を迎えました 本年もよろしくお願い申し上げます 2018.1.1 | GP69: 結婚して初めての正月を迎えました 本年もよろしくお願い申し上げます 2018.1.1 | HL69: ああああああああああああああああああああああああああ ああああああああああああああああ
D72: 添え書き文/Ghi chú | Z72: 添え書き文/Ghi chú | AU72: 添え書き文/Ghi chú | BP72: 添え書き文/Ghi chú | DH72: 2人目/Người thứ 2 | HL72: いいいいいいいいいいいいいいいいいいいいいいい いいいいいいいいいいいいいいいいいいいい
CL73: 6人目/Người thứ 6 | DH73: 姓/Họ | DO73: 名/Tên
CL74: 姓/Họ | CS74: 名/Tên
HL75: うううううううううううううううううううう
E76: プレビューを表示/Hiển thị preview | AA76: プレビューを表示/Hiển thị preview | AV76: プレビューを表示/Hiển thị preview | BQ76: プレビューを表示/Hiển thị preview
DH77: 姓（ふりがな）/Họ (furigana) | DO77: 名（ふりがな）/Tên (furigana) | EY77: 大/ Large | FC77: 中/ Medium | FG77: 標準/ Standard | FK77: 小/Small | FU77: 明朝体/ Mincho | FY77: ゴシック/ Gothic | GC77: 楷書体/ Calligraphy | GG77: 筆文字/ Pen text | HM77: 標準/ Standard | HQ77: 友達/ Friend | HU77: ビジネス/ Business | HY77: ・・・
E79: ＜ 戻る/Back | L79: 次へ/Next ＞ | AA79: ＜ 戻る/Back | AH79: 次へ/Next ＞ | AV79: ＜ 戻る/Back | BC79: 次へ/Next ＞ | BQ79: ＜ 戻る/Back | BX79: 次へ/Next ＞
EB80: 色/Color | EF80: 書体/Font | EJ80: 揃え/ Alignment | EN80: 定型文/ Sample text | ER80: ・・・ | EX80: 色/Color | FB80: 文字サイズ/ Size | FF80: 揃え/ Alignment | FJ80: 定型文/ Sample text | FN80: ・・・ | FT80: 色/Color | FX80: 書体/Font | GB80: 揃え/ Alignment | GF80: 定型文/ Sample text | GJ80: ・・・ | GP80: 色/Color | GT80: 書体/Font | GX80: 揃え/ Alignment | HB80: 定型文/ Sample text | HF80: ・・・ | HL80: 色/Color | HP80: 書体/Font | HT80: 揃え/ Alignment | HX80: 定型文/ Sample text | IB80: ・・・
DO81: 旧姓/Họ cũ
B82: Footer (chung với phía EC) | X82: Footer (chung với phía EC) | AS82: Footer (chung với phía EC) | BN82: Footer (chung với phía EC)
DI85: + 連名2人目の旧姓、ふりがなを追加/Thêm họ cũ, furigana của người thứ 2
DH89: 郵便番号/Mã bưu điện | DK89: 必須/Required
DH90: 1000005
DH93: 住所/Địa chỉ | DJ93: 必須/Required
DH94: 東京都/Tokyo
DH97: 千代田区丸の内/Marunouchi, quận Chiyoda | EB97: Footer (chung với phía EC) | EX97: Footer (chung với phía EC) | FT97: Footer (chung với phía EC) | GP97: Footer (chung với phía EC) | HL97: Footer (chung với phía EC)
DH100: 3-1-1
DH106: 電話番号/Số điện thoại
DH107: 090 | DL107: ー | DM107: 1234 | DQ107: ー | DR107: 5678
DH110: メールアドレス/Email
DH111: abcde@mxa.myprint.co.jp
DH114: 添え書き文/Ghi chú
DI118: プレビューを表示/Hiển thị preview
DI121: ＜ 戻る/Back | DP121: 次へ/Next ＞
DF124: Footer (chung với phía EC)

Sheet Copy of (PC) MH nhập thông tin 
B3: Header (chung với phía EC)
B5: 差出人情報入力/Nhập thông tin người gửi
AK7: ▲
W8: 会員登録情報で入力/ Nhập bằng thông tin đăng ký thành viên
W11: + 法人項目を追加/ Thêm trường Tổ chức
V14: 姓/Họ | W14: 必須/Required | AC14: 名/Tên | AD14: 必須/Required
W18: + 連名を追加/Thêm chuỗi tên
V21: 郵便番号/Mã bưu điện | Z21: 必須/Required
V22: 1000005
V25: 住所/Địa chỉ | X25: 必須/Required
V26: 東京都/Tokyo
V29: 千代田区丸の内/Marunouchi, quận Chiyoda
AK31: ▼
V33: プレビューを更新/Update preview
C36: ＜ 戻る/Back | AE36: 次へ/Next ＞
B39: Footer (chung với phía EC)

Sheet General
E1: WBS SCHEDULE | R1: No: BM-2-901-37
R2: Version: 1.1
R3: Issue Date: 05/04/2021
A4: SUN ASTERISK VIETNAM CO., LTD | R4: ISO/IEC 27001:2013&ISO 9001:2015
B6: General
B10: Task status | G10: Member list | K10: Redmine | O10: Role | T10: _x0008_Holiday | W10: Design status
B12: # | C12: Status | D12: Statitics | E12: Description | G12: # | H12: Name | I12: Effort | K12: # | L12: Redmine | M12: Atom | O12: # | P12: Title | Q12: Effort | R12: Description | T12: # | U12: Holiday | V12: Description | W12: # | X12: Title
B13: 1 | C13: New | D13: =COUNTIF(INDIRECT("Planning Dev!"&"N10:N61"),C13) -> 0 | G13: 1 | H13: DN | K13: 1 | O13: 1 | T13: 1
B14: 2 | C14: In Progress | D14: =COUNTIF(INDIRECT("Planning Dev!"&"N10:N61"),C14) -> 0 | G14: 2 | H14: HN | O14: 2 | T14: 2
B15: 3 | C15: Done | D15: =COUNTIF(INDIRECT("Planning Dev!"&"N10:N61"),C15) -> 0 | G15: 3 | H15: HCM | O15: 3 | T15: 3
B16: 4 | C16: Pending | D16: =COUNTIF(INDIRECT("Planning Dev!"&"N10:N61"),C16) -> 0 | G16: 4 | O16: 4 | T16: 4
B17: 5 | C17: Resolved | D17: =COUNTIF(INDIRECT("Planning Dev!"&"N10:N61"),C17) -> 0 | G17: 5 | O17: 5
B18: 6 | D18: =COUNTIF(INDIRECT("Planning Dev!"&"N10:N61"),C18) -> 0 | G18: 6 | O18: 6
B19: 7 | D19: =COUNTIF(INDIRECT("Planning Dev!"&"N10:N61"),C19) -> 0 | G19: 7 | O19: 7
B20: 8 | D20: =COUNTIF(INDIRECT("Planning Dev!"&"N10:N61"),C20) -> 0 | G20: 8 | O20: 8
B21: 9 | D21: =COUNTIF(INDIRECT("Planning Dev!"&"N10:N61"),C21) -> 0 | G21: 9 | O21: 9
B22: 10 | D22: =COUNTIF(INDIRECT("Planning Dev!"&"N10:N61"),C22) -> 0 | G22: 10 | O22: 10
B23: 11 | D23: =COUNTIF(INDIRECT("Planning Dev!"&"N10:N61"),C23) -> 0 | G23: 11 | O23: 11
G24: 12
G25: 13
G26: 14
G27: 15
G28: 16
G29: 17
G30: 18
G31: 19
G32: 20
G33: 21
G34: 22
G35: 23
... G44: 32
B48: Sprint list
B49: # | C49: Sprint | D49: Start Date | E49: End Date | F49: Effort | G49: Status
B50: 1
B51: 2
B52: 3
B53: 4
B54: 5
B55: 6
B56: 7
B57: 8
B58: 9
B59: 10
B60: 11
B61: 12
... B63: 14
